Order_ID,Product_ID,Product_Name,Category,Price,Quantity,Date,Region,Customer_Age,Customer_Gender,Returned,Order_Status,Total
1,10,Early,Juguetes,418.8,3,2023-12-24 06:30:09,Centro,23,Masculino,1,Entregado,1256.4
2,99,Ok,Ropa,394.61,5,2023-07-06 14:07:01,Norte,30,Otro,1,Enviado,1973.05
3,51,Painting,Juguetes,15.16,2,2023-01-09 21:45:09,Sur,39,Otro,1,Entregado,30.32
4,89,Less,Ropa,310.05,3,2023-06-21 12:53:31,Centro,40,Masculino,0,Cancelado,930.15
5,60,Alone,Juguetes,450.65,4,2023-11-07 12:00:30,Centro,29,Masculino,1,Entregado,1802.6
6,99,Very,Juguetes,93.91,1,2023-03-20 18:08:06,Sur,48,Otro,0,Enviado,93.91
7,87,Clearly,Electrónica,363.98,2,2023-01-09 08:04:46,Sur,24,Otro,0,Enviado,727.96
8,16,Tv,Alimentos,349.08,4,2023-02-18 15:23:29,Sur,24,Masculino,0,Entregado,1396.32
9,78,Structure,Hogar,259.31,5,2023-05-28 12:15:08,Centro,39,Otro,1,Entregado,1296.55
10,11,Cut,Electrónica,260.75,5,2023-04-01 01:52:29,Centro,19,Masculino,1,Entregado,1303.75
11,80,Computer,Electrónica,35.57,4,2023-08-27 15:33:38,Sur,42,Masculino,0,Cancelado,142.28
12,17,Hope,Juguetes,136.3,1,2023-07-11 14:53:53,Centro,28,Masculino,0,Enviado,136.3
13,8,Movement,Alimentos,14.46,3,2023-12-18 15:56:42,Centro,58,Femenino,1,Entregado,43.38
14,64,Son,Ropa,408.72,2,2023-07-10 00:30:34,Centro,58,Masculino,0,Enviado,817.44
15,64,Hit,Juguetes,157.87,5,2023-08-15 00:37:06,Norte,29,Femenino,1,Entregado,789.35
16,50,Account,Juguetes,421.33,3,2023-04-14 23:34:45,Norte,62,Otro,1,Enviado,1263.99
17,88,Major,Alimentos,339.93,3,2023-06-22 06:58:33,Sur,41,Femenino,1,Cancelado,1019.79
18,70,Talk,Juguetes,189.02,3,2023-12-25 18:26:44,Norte,38,Masculino,0,Cancelado,567.0600000000001
19,80,A,Hogar,313.11,4,2023-07-07 01:14:26,Sur,34,Femenino,1,Cancelado,1252.44
20,94,Cover,Ropa,73.99,4,2023-11-26 12:18:55,Centro,26,Femenino,0,Enviado,295.96
21,64,Final,Electrónica,389.98,3,2023-08-18 21:42:37,Sur,56,Femenino,1,Cancelado,1169.94
22,24,Along,Alimentos,20.37,4,2023-05-23 11:29:10,Sur,49,Femenino,0,Entregado,81.48
23,86,Just,Hogar,87.28,4,2023-07-27 00:01:38,Centro,22,Femenino,1,Enviado,349.12
24,66,Seat,Electrónica,212.58,3,2023-02-12 13:06:28,Centro,41,Masculino,1,Enviado,637.74
25,13,Several,Hogar,273.46,1,2023-01-06 20:35:42,Centro,19,Otro,1,Enviado,273.46
26,45,Field,Juguetes,66.37,5,2023-07-13 09:00:32,Norte,54,Otro,0,Entregado,331.85
27,48,Himself,Juguetes,14.39,2,2023-09-10 09:44:15,Sur,52,Otro,1,Enviado,28.78
28,48,Vote,Ropa,80.01,3,2023-09-01 18:27:23,Centro,20,Otro,1,Cancelado,240.03000000000003
29,17,Meet,Hogar,307.97,1,2023-03-30 16:31:49,Norte,43,Masculino,1,Cancelado,307.97
30,15,Suffer,Juguetes,427.46,4,2023-11-26 08:59:30,Norte,52,Masculino,1,Cancelado,1709.84
31,7,Song,Electrónica,397.47,1,2023-12-17 22:52:56,Sur,33,Masculino,1,Enviado,397.47
32,37,Past,Electrónica,346.33,4,2023-09-09 18:35:03,Norte,33,Masculino,0,Entregado,1385.32
33,25,Mission,Alimentos,74.97,4,2023-12-15 18:34:11,Sur,53,Femenino,1,Cancelado,299.88
34,5,Again,Juguetes,298.85,5,2023-01-21 09:42:12,Sur,23,Masculino,0,Enviado,1494.25
35,76,Sure,Electrónica,175.85,2,2023-11-12 13:35:14,Centro,24,Femenino,1,Cancelado,351.7
36,18,Design,Juguetes,135.49,4,2023-12-18 08:53:10,Sur,24,Masculino,0,Cancelado,541.96
37,51,Well,Electrónica,45.86,2,2023-01-06 06:35:05,Sur,43,Femenino,1,Enviado,91.72
38,93,Population,Ropa,395.96,1,2023-09-13 02:00:11,Sur,53,Femenino,1,Entregado,395.96
39,93,Material,Ropa,199.85,4,2023-12-17 07:17:47,Centro,53,Masculino,0,Cancelado,799.4
40,5,Low,Ropa,14.55,1,2023-04-28 13:49:17,Centro,54,Masculino,1,Entregado,14.55
41,45,Idea,Alimentos,60.81,4,2023-07-15 02:39:18,Centro,52,Femenino,0,Entregado,243.24
42,76,Eight,Electrónica,474.89,1,2023-02-01 03:03:11,Norte,48,Masculino,1,Entregado,474.89
43,62,Former,Hogar,333.0,4,2023-04-03 16:40:51,Norte,26,Otro,1,Cancelado,1332.0
44,99,Even,Juguetes,370.14,2,2023-06-16 09:48:12,Centro,54,Femenino,1,Enviado,740.28
45,85,Boy,Electrónica,56.94,4,2023-01-24 09:37:02,Norte,22,Femenino,0,Cancelado,227.76
46,25,Final,Juguetes,73.97,1,2023-05-23 00:56:25,Centro,60,Otro,1,Enviado,73.97
47,33,Usually,Ropa,137.69,4,2023-11-11 00:26:42,Norte,34,Masculino,1,Cancelado,550.76
48,34,Company,Juguetes,170.3,2,2023-03-23 17:10:01,Norte,40,Femenino,0,Cancelado,340.6
49,60,Long,Hogar,77.27,5,2023-09-28 12:31:03,Norte,53,Masculino,0,Cancelado,386.35
50,2,Sing,Hogar,442.76,3,2023-01-18 14:16:45,Sur,46,Femenino,1,Enviado,1328.28
51,59,Write,Hogar,274.74,2,2023-09-24 00:19:37,Norte,27,Masculino,0,Entregado,549.48
52,62,Moment,Ropa,226.14,5,2023-01-10 21:00:28,Norte,34,Otro,1,Entregado,1130.6999999999998
53,76,Although,Juguetes,172.86,4,2023-04-28 06:45:33,Centro,31,Otro,0,Enviado,691.44
54,65,Focus,Juguetes,489.69,1,2023-01-21 07:10:28,Sur,52,Otro,1,Enviado,489.69
55,14,Campaign,Ropa,219.42,2,2023-08-25 02:30:12,Norte,64,Femenino,0,Entregado,438.84
56,41,Social,Ropa,226.42,4,2023-07-24 06:48:38,Centro,61,Otro,1,Enviado,905.68
57,79,Table,Hogar,74.1,3,2023-12-29 02:09:57,Centro,49,Masculino,1,Enviado,222.3
58,61,Cold,Juguetes,22.15,2,2023-11-15 15:44:05,Sur,19,Masculino,0,Enviado,44.3
59,90,Method,Hogar,433.44,1,2023-12-29 10:00:58,Norte,59,Masculino,1,Enviado,433.44
60,42,Night,Ropa,206.99,4,2023-12-14 18:58:38,Centro,44,Masculino,1,Enviado,827.96
61,5,Beat,Electrónica,296.12,4,2023-06-07 18:52:59,Centro,26,Masculino,1,Cancelado,1184.48
62,54,Pretty,Ropa,481.77,4,2023-06-16 01:20:02,Norte,31,Masculino,0,Cancelado,1927.08
63,73,Camera,Ropa,31.3,1,2023-12-20 04:12:02,Sur,64,Masculino,1,Entregado,31.3
64,82,Carry,Juguetes,431.1,3,2023-08-12 16:36:27,Sur,57,Femenino,0,Cancelado,1293.3000000000002
65,7,Half,Juguetes,51.56,2,2023-07-04 12:14:36,Norte,36,Otro,1,Entregado,103.12
66,64,Professor,Electrónica,33.8,4,2023-06-04 07:11:39,Norte,61,Masculino,1,Entregado,135.2
67,76,Save,Juguetes,367.15,1,2023-10-05 11:07:36,Norte,24,Femenino,0,Enviado,367.15
68,24,Of,Alimentos,229.94,3,2023-06-14 10:34:12,Norte,56,Masculino,1,Cancelado,689.8199999999999
69,86,Size,Alimentos,74.18,4,2023-03-20 00:26:00,Centro,60,Otro,1,Enviado,296.72
70,58,Join,Alimentos,106.68,1,2023-01-11 20:59:39,Norte,49,Masculino,1,Enviado,106.68
71,2,Share,Hogar,142.32,4,2023-02-25 14:45:42,Centro,35,Otro,0,Cancelado,569.28
72,8,Return,Ropa,426.55,4,2023-07-09 13:54:51,Centro,34,Femenino,1,Enviado,1706.2
73,48,Candidate,Ropa,199.26,2,2023-11-04 04:09:48,Centro,22,Masculino,1,Enviado,398.52
74,11,Floor,Electrónica,321.44,2,2023-05-26 10:05:31,Centro,48,Masculino,0,Enviado,642.88
75,73,Environmental,Hogar,486.06,4,2023-08-13 21:39:29,Centro,31,Masculino,0,Entregado,1944.24
76,52,Century,Electrónica,304.53,4,2023-03-19 05:33:27,Centro,24,Masculino,0,Cancelado,1218.12
77,24,Peace,Alimentos,62.07,4,2023-06-18 12:18:50,Centro,60,Femenino,1,Enviado,248.28
78,27,Gas,Hogar,155.75,2,2023-02-24 17:00:12,Sur,58,Otro,1,Cancelado,311.5
79,50,Sure,Electrónica,107.39,1,2023-12-18 12:36:50,Norte,42,Otro,0,Cancelado,107.39
80,55,Two,Hogar,388.01,3,2023-11-12 09:29:41,Norte,44,Femenino,0,Entregado,1164.03
81,65,Early,Electrónica,159.25,5,2023-11-10 19:55:53,Sur,63,Otro,0,Cancelado,796.25
82,66,Home,Juguetes,364.88,2,2023-04-13 08:41:10,Norte,26,Otro,1,Cancelado,729.76
83,17,Strong,Alimentos,188.67,4,2023-05-21 01:22:33,Norte,51,Femenino,0,Cancelado,754.68
84,62,Although,Alimentos,38.91,2,2023-02-19 09:01:59,Centro,58,Masculino,0,Cancelado,77.82
85,74,Purpose,Ropa,204.66,3,2023-04-03 12:10:06,Sur,50,Femenino,0,Cancelado,613.98
86,13,Serious,Alimentos,41.31,5,2023-03-31 07:09:18,Norte,42,Otro,1,Entregado,206.55
87,67,Contain,Alimentos,58.45,3,2023-04-29 22:12:18,Centro,19,Femenino,1,Entregado,175.35000000000002
88,68,Kitchen,Ropa,129.24,2,2023-01-07 11:08:54,Sur,19,Otro,1,Cancelado,258.48
89,97,Structure,Juguetes,211.16,2,2023-10-18 13:50:29,Sur,35,Otro,1,Entregado,422.32
90,62,Almost,Electrónica,406.73,1,2023-05-13 03:18:48,Sur,41,Otro,0,Enviado,406.73
91,11,Over,Ropa,228.9,2,2023-04-08 08:03:43,Sur,43,Otro,0,Entregado,457.8
92,45,Wish,Electrónica,331.34,1,2023-06-13 19:05:30,Centro,38,Otro,0,Enviado,331.34
93,13,Work,Electrónica,478.26,2,2023-02-02 18:31:25,Norte,38,Masculino,0,Enviado,956.52
94,35,Indeed,Hogar,270.13,5,2023-01-04 23:03:46,Centro,57,Femenino,1,Entregado,1350.65
95,40,Read,Alimentos,238.49,3,2023-05-08 13:56:36,Sur,33,Femenino,0,Enviado,715.47
96,58,Ability,Juguetes,47.95,4,2023-11-08 09:59:33,Norte,20,Otro,1,Cancelado,191.8
97,52,Theory,Juguetes,486.07,3,2023-05-22 16:16:49,Centro,54,Masculino,0,Enviado,1458.21
98,83,Amount,Alimentos,478.7,1,2023-03-20 13:09:36,Norte,37,Femenino,1,Cancelado,478.7
99,50,So,Electrónica,33.01,5,2023-04-30 01:36:12,Norte,34,Otro,0,Cancelado,165.04999999999998
100,16,Deep,Juguetes,195.05,2,2023-06-24 12:15:35,Sur,29,Femenino,1,Enviado,390.1
101,82,Push,Hogar,416.24,2,2023-09-14 00:19:19,Sur,41,Femenino,1,Cancelado,832.48
102,20,Though,Electrónica,276.4,4,2023-10-25 01:52:52,Sur,35,Otro,1,Enviado,1105.6
103,51,Almost,Hogar,270.04,2,2023-08-03 12:13:08,Sur,33,Otro,1,Entregado,540.08
104,3,Low,Juguetes,288.11,3,2023-11-19 23:07:28,Norte,41,Masculino,1,Cancelado,864.33
105,14,Character,Alimentos,242.66,1,2023-09-28 00:31:16,Centro,22,Otro,1,Cancelado,242.66
106,37,Civil,Alimentos,124.18,3,2023-05-26 01:06:07,Centro,43,Masculino,1,Enviado,372.54
107,54,Wish,Alimentos,404.46,4,2023-03-23 14:38:02,Centro,44,Masculino,0,Entregado,1617.84
108,9,Different,Ropa,320.14,2,2023-01-30 15:50:01,Sur,38,Masculino,0,Enviado,640.28
109,39,Hope,Hogar,434.68,2,2023-05-17 12:17:36,Centro,53,Femenino,1,Enviado,869.36
110,12,Mind,Hogar,195.72,1,2023-03-22 01:50:47,Centro,18,Masculino,1,Entregado,195.72
111,82,Suggest,Alimentos,463.57,1,2023-01-21 08:33:36,Centro,52,Otro,0,Cancelado,463.57
112,56,There,Juguetes,390.73,5,2023-11-04 12:05:04,Centro,43,Masculino,1,Entregado,1953.65
113,73,Back,Juguetes,359.39,4,2023-10-10 16:57:40,Sur,29,Otro,0,Cancelado,1437.56
114,38,Major,Juguetes,448.51,2,2023-01-30 02:28:51,Sur,32,Femenino,0,Cancelado,897.02
115,74,Maybe,Electrónica,396.35,3,2023-02-04 03:04:28,Norte,49,Masculino,1,Enviado,1189.0500000000002
116,80,Government,Ropa,359.44,2,2023-09-25 20:56:18,Centro,45,Femenino,1,Enviado,718.88
117,66,Box,Electrónica,79.05,5,2023-09-27 14:04:25,Norte,33,Otro,0,Entregado,395.25
118,81,Response,Juguetes,468.09,5,2023-01-07 20:52:34,Norte,51,Femenino,1,Entregado,2340.45
119,55,Bring,Juguetes,57.87,1,2023-01-10 02:56:09,Centro,19,Otro,0,Enviado,57.87
120,60,Often,Hogar,186.87,1,2023-10-15 04:20:27,Centro,47,Masculino,1,Cancelado,186.87
121,77,Type,Electrónica,242.79,2,2023-03-07 16:05:17,Norte,27,Masculino,1,Entregado,485.58
122,37,Book,Electrónica,450.52,4,2023-03-04 04:27:54,Centro,51,Femenino,0,Cancelado,1802.08
123,97,Money,Alimentos,420.85,3,2023-07-20 21:11:32,Norte,63,Masculino,0,Entregado,1262.5500000000002
124,28,Of,Hogar,392.68,5,2023-11-27 03:31:00,Norte,38,Otro,1,Enviado,1963.4
125,47,Person,Hogar,136.2,3,2023-04-21 18:58:56,Centro,28,Masculino,0,Entregado,408.6
126,67,Expect,Juguetes,250.88,1,2023-03-03 08:07:41,Norte,46,Otro,1,Cancelado,250.88
127,94,Room,Juguetes,253.46,5,2023-08-01 23:28:44,Sur,37,Femenino,1,Cancelado,1267.3
128,23,Build,Electrónica,228.81,2,2023-10-15 00:45:35,Centro,39,Otro,0,Enviado,457.62
129,65,Simple,Electrónica,450.05,1,2023-01-20 10:23:03,Norte,22,Femenino,0,Entregado,450.05
130,33,House,Ropa,193.31,3,2023-12-20 05:33:01,Sur,44,Otro,1,Entregado,579.9300000000001
131,65,Design,Electrónica,299.68,1,2023-10-30 11:48:20,Norte,61,Femenino,1,Cancelado,299.68
132,89,Reduce,Alimentos,383.71,3,2023-11-16 17:40:52,Centro,36,Otro,1,Cancelado,1151.13
133,92,Table,Alimentos,251.01,2,2023-01-10 15:06:18,Centro,42,Masculino,0,Entregado,502.02
134,9,West,Hogar,275.27,2,2023-03-13 10:37:17,Norte,26,Femenino,0,Enviado,550.54
135,47,Always,Hogar,297.34,4,2023-07-27 10:17:41,Centro,63,Masculino,1,Enviado,1189.36
136,53,Anything,Juguetes,21.25,5,2023-11-10 23:45:08,Sur,48,Femenino,1,Enviado,106.25
137,51,Sister,Electrónica,328.61,3,2023-02-26 00:38:40,Norte,36,Otro,1,Enviado,985.83
138,36,National,Ropa,197.06,1,2023-11-05 03:52:31,Norte,22,Masculino,0,Entregado,197.06
139,11,Drug,Hogar,463.89,2,2023-05-07 17:22:43,Norte,43,Otro,1,Enviado,927.78
140,55,Step,Electrónica,191.53,4,2023-07-22 08:51:11,Sur,23,Masculino,0,Cancelado,766.12
141,50,Reality,Alimentos,310.56,5,2023-08-30 18:54:06,Centro,19,Masculino,1,Enviado,1552.8
142,61,Reflect,Hogar,250.8,3,2023-04-03 23:30:03,Centro,25,Otro,0,Entregado,752.4000000000001
143,38,Anything,Hogar,277.04,1,2023-07-17 09:22:37,Sur,61,Masculino,1,Cancelado,277.04
144,45,Ahead,Alimentos,27.07,4,2023-04-27 07:43:36,Sur,23,Femenino,0,Entregado,108.28
145,100,Professional,Electrónica,28.17,2,2023-03-22 00:27:45,Norte,59,Otro,1,Enviado,56.34
146,50,Necessary,Electrónica,71.88,3,2023-12-01 16:49:39,Norte,30,Masculino,0,Cancelado,215.64
147,33,Would,Alimentos,242.11,1,2023-08-23 03:04:18,Norte,18,Otro,0,Cancelado,242.11
148,50,Nor,Electrónica,256.36,5,2023-01-27 08:54:25,Sur,50,Otro,0,Cancelado,1281.8000000000002
149,81,Practice,Hogar,365.34,2,2023-03-10 08:04:42,Centro,56,Otro,1,Enviado,730.68
150,63,Theory,Hogar,468.24,3,2023-06-07 16:33:37,Norte,33,Femenino,1,Enviado,1404.72
151,70,After,Ropa,436.8,5,2023-04-17 19:11:09,Centro,23,Femenino,1,Cancelado,2184.0
152,77,Part,Alimentos,483.97,2,2023-10-01 23:20:39,Norte,62,Femenino,0,Entregado,967.94
153,40,Value,Alimentos,391.93,2,2023-05-28 10:54:07,Norte,53,Masculino,1,Entregado,783.86
154,60,Realize,Hogar,486.62,3,2023-03-14 01:16:31,Norte,41,Masculino,0,Cancelado,1459.86
155,35,Without,Ropa,328.12,2,2023-01-01 20:37:56,Centro,57,Masculino,0,Entregado,656.24
156,100,Pressure,Juguetes,79.4,5,2023-11-03 13:47:30,Sur,23,Otro,0,Entregado,397.0
157,93,Administration,Ropa,484.11,3,2023-06-15 23:01:39,Norte,34,Otro,1,Enviado,1452.33
158,43,Raise,Juguetes,217.62,2,2023-09-08 18:52:20,Sur,35,Masculino,0,Cancelado,435.24
159,71,Simply,Electrónica,93.76,1,2023-01-14 16:17:48,Sur,32,Otro,1,Entregado,93.76
160,46,Right,Alimentos,182.85,2,2023-01-12 23:57:04,Centro,20,Femenino,1,Entregado,365.7
161,59,Outside,Ropa,401.85,4,2023-12-17 03:22:01,Norte,40,Otro,0,Enviado,1607.4
162,18,City,Ropa,231.46,5,2023-03-05 18:27:34,Sur,47,Masculino,1,Enviado,1157.3
163,71,Arrive,Juguetes,299.69,5,2023-06-12 02:19:35,Sur,49,Femenino,1,Entregado,1498.45
164,25,Social,Alimentos,443.53,5,2023-11-01 19:24:52,Norte,31,Otro,1,Entregado,2217.65
165,41,Mention,Juguetes,323.01,4,2023-04-15 21:31:25,Norte,45,Masculino,0,Enviado,1292.04
166,27,Far,Hogar,128.45,1,2023-03-10 20:36:29,Centro,63,Otro,0,Entregado,128.45
167,43,South,Alimentos,481.62,5,2023-07-09 18:30:17,Sur,26,Masculino,0,Enviado,2408.1
168,17,Yes,Juguetes,238.18,5,2023-03-21 02:53:02,Centro,34,Femenino,1,Enviado,1190.9
169,57,Kid,Ropa,499.13,3,2023-03-17 00:47:53,Centro,29,Otro,1,Enviado,1497.39
170,47,Instead,Hogar,443.19,2,2023-08-25 14:12:37,Sur,27,Otro,1,Enviado,886.38
171,43,Effect,Electrónica,420.61,5,2023-03-25 08:11:10,Centro,18,Femenino,1,Entregado,2103.05
172,68,Look,Juguetes,151.1,5,2023-03-21 13:04:51,Sur,64,Otro,1,Cancelado,755.5
173,90,Face,Alimentos,88.12,2,2023-03-25 12:39:34,Sur,31,Femenino,0,Enviado,176.24
174,62,Three,Juguetes,47.25,4,2023-03-09 21:57:51,Sur,42,Otro,1,Cancelado,189.0
175,15,Pick,Alimentos,101.77,2,2023-12-25 18:52:52,Centro,35,Masculino,0,Cancelado,203.54
176,38,Today,Electrónica,474.0,3,2023-04-19 13:56:53,Centro,63,Femenino,0,Cancelado,1422.0
177,3,Artist,Electrónica,162.11,1,2023-03-22 17:24:32,Centro,59,Femenino,0,Cancelado,162.11
178,59,Crime,Ropa,180.24,3,2023-07-25 19:22:51,Sur,35,Masculino,1,Enviado,540.72
179,66,Least,Electrónica,434.32,4,2023-04-30 11:06:19,Centro,26,Otro,1,Enviado,1737.28
180,95,Newspaper,Electrónica,39.31,1,2023-12-17 08:00:54,Sur,24,Otro,1,Cancelado,39.31
181,42,Him,Hogar,217.42,3,2023-12-03 17:00:25,Sur,39,Otro,1,Cancelado,652.26
182,56,Personal,Electrónica,323.84,5,2023-05-09 11:11:43,Norte,63,Otro,1,Cancelado,1619.1999999999998
183,80,Recently,Ropa,227.83,2,2023-02-17 15:19:08,Centro,31,Otro,0,Enviado,455.66
184,39,Role,Alimentos,461.26,2,2023-01-16 12:51:38,Norte,63,Masculino,0,Enviado,922.52
185,54,Analysis,Electrónica,465.53,5,2023-11-16 01:11:50,Norte,42,Femenino,0,Entregado,2327.65
186,50,Sort,Alimentos,141.43,3,2023-12-25 05:42:41,Centro,63,Otro,0,Cancelado,424.29
187,15,Trial,Ropa,152.44,5,2023-12-26 13:25:19,Norte,28,Femenino,1,Enviado,762.2
188,69,He,Ropa,150.57,5,2023-04-11 02:24:26,Sur,42,Masculino,0,Enviado,752.8499999999999
189,84,Hit,Hogar,137.28,1,2023-02-20 07:44:46,Sur,57,Femenino,0,Entregado,137.28
190,88,Factor,Alimentos,26.94,2,2023-11-07 18:13:57,Norte,64,Otro,1,Enviado,53.88
191,30,Trouble,Juguetes,247.79,3,2023-04-05 01:33:04,Sur,59,Masculino,1,Entregado,743.37
192,51,Best,Alimentos,45.84,3,2023-09-04 16:23:44,Sur,54,Masculino,0,Entregado,137.52
193,94,Partner,Ropa,270.47,4,2023-02-26 10:34:54,Centro,21,Otro,1,Entregado,1081.88
194,86,Among,Ropa,193.77,4,2023-10-03 08:46:03,Sur,51,Masculino,0,Entregado,775.08
195,68,Maybe,Hogar,491.33,3,2023-05-10 08:46:06,Norte,55,Femenino,0,Entregado,1473.99
196,53,Drop,Hogar,280.81,5,2023-04-28 04:10:13,Centro,32,Otro,0,Enviado,1404.05
197,17,Campaign,Electrónica,377.26,5,2023-02-06 03:04:04,Norte,21,Masculino,0,Enviado,1886.3
198,26,Grow,Juguetes,438.96,2,2023-03-09 12:17:48,Norte,31,Otro,1,Enviado,877.92
199,39,Important,Ropa,10.86,4,2023-04-27 09:30:25,Centro,35,Otro,1,Cancelado,43.44
200,27,Guy,Alimentos,268.16,5,2023-11-04 15:58:41,Norte,40,Femenino,1,Entregado,1340.8000000000002
201,58,It,Electrónica,383.99,1,2023-07-28 08:56:19,Centro,60,Femenino,1,Cancelado,383.99
202,78,Generation,Electrónica,33.54,4,2023-10-01 21:03:37,Norte,52,Otro,1,Enviado,134.16
203,87,No,Electrónica,385.97,2,2023-06-03 08:27:20,Norte,40,Otro,0,Enviado,771.94
204,28,Under,Hogar,174.56,1,2023-08-08 15:16:56,Centro,21,Otro,1,Entregado,174.56
205,28,Reach,Hogar,82.73,2,2023-10-20 01:44:45,Sur,23,Otro,0,Entregado,165.46
206,43,Field,Electrónica,103.14,3,2023-10-23 16:26:39,Centro,40,Femenino,0,Enviado,309.42
207,1,Seat,Hogar,244.1,5,2023-10-01 09:12:38,Centro,23,Femenino,0,Cancelado,1220.5
208,47,Arm,Alimentos,98.54,4,2023-03-06 19:19:51,Norte,56,Femenino,1,Enviado,394.16
209,83,Race,Hogar,472.61,1,2023-01-01 21:21:12,Norte,32,Masculino,1,Cancelado,472.61
210,73,Modern,Hogar,382.64,1,2023-10-09 21:59:39,Norte,37,Masculino,0,Entregado,382.64
211,44,Range,Electrónica,127.94,2,2023-06-14 15:04:20,Centro,57,Masculino,0,Cancelado,255.88
212,67,Phone,Alimentos,66.75,4,2023-10-14 21:26:49,Norte,18,Femenino,0,Enviado,267.0
213,2,Policy,Alimentos,407.15,2,2023-10-20 13:03:21,Norte,38,Masculino,0,Enviado,814.3
214,72,Ago,Ropa,76.35,4,2023-09-30 00:41:54,Norte,64,Masculino,0,Entregado,305.4
215,25,Believe,Hogar,287.93,5,2023-02-12 09:53:01,Centro,36,Masculino,0,Cancelado,1439.65
216,10,Positive,Hogar,287.9,3,2023-06-05 16:05:37,Centro,41,Femenino,0,Entregado,863.6999999999999
217,82,Experience,Alimentos,84.75,4,2023-01-11 12:45:35,Sur,24,Masculino,1,Enviado,339.0
218,11,Member,Alimentos,16.34,3,2023-09-10 01:08:33,Centro,65,Otro,1,Enviado,49.02
219,21,Home,Alimentos,292.31,3,2023-05-08 20:05:01,Norte,42,Otro,1,Cancelado,876.9300000000001
220,44,Couple,Electrónica,93.83,2,2023-01-01 02:40:26,Sur,48,Masculino,1,Cancelado,187.66
221,32,Whose,Juguetes,26.32,2,2023-03-14 02:13:25,Norte,45,Masculino,1,Cancelado,52.64
222,96,Get,Electrónica,252.46,5,2023-06-09 15:29:29,Norte,48,Otro,0,Entregado,1262.3
223,83,Heavy,Electrónica,229.35,1,2023-02-28 17:07:15,Norte,37,Otro,1,Enviado,229.35
224,45,Real,Hogar,225.63,5,2023-10-28 01:32:12,Norte,35,Masculino,0,Enviado,1128.15
225,13,Pass,Electrónica,420.02,2,2023-07-09 19:09:11,Norte,51,Femenino,0,Cancelado,840.04
226,71,Usually,Hogar,87.05,4,2023-03-16 12:14:51,Norte,50,Otro,0,Entregado,348.2
227,31,Indeed,Juguetes,382.05,2,2023-10-19 09:10:48,Sur,18,Femenino,0,Enviado,764.1
228,49,Couple,Juguetes,254.15,5,2023-07-09 09:35:10,Sur,19,Masculino,0,Enviado,1270.75
229,83,Production,Electrónica,464.69,2,2023-08-31 14:55:23,Sur,64,Otro,0,Enviado,929.38
230,54,Power,Hogar,389.34,5,2023-11-10 10:14:42,Sur,63,Femenino,1,Entregado,1946.7
231,94,Situation,Juguetes,279.28,1,2023-07-31 18:19:00,Norte,22,Masculino,0,Enviado,279.28
232,89,On,Ropa,185.02,5,2023-01-24 16:18:37,Sur,25,Otro,1,Entregado,925.1
233,88,International,Ropa,43.11,2,2023-09-06 01:46:58,Centro,65,Masculino,0,Cancelado,86.22
234,89,Yourself,Ropa,16.43,5,2023-04-02 11:24:47,Sur,42,Masculino,0,Entregado,82.15
235,3,Inside,Electrónica,409.26,3,2023-05-16 03:58:07,Norte,26,Femenino,1,Enviado,1227.78
236,97,Point,Ropa,138.29,4,2023-04-20 16:41:43,Sur,55,Femenino,1,Cancelado,553.16
237,16,Without,Hogar,173.48,1,2023-08-05 05:52:30,Norte,33,Masculino,0,Cancelado,173.48
238,18,Democrat,Juguetes,369.16,5,2023-10-27 18:26:56,Norte,31,Masculino,1,Enviado,1845.8
239,4,Fly,Alimentos,82.5,2,2023-09-24 11:34:01,Centro,24,Otro,1,Enviado,165.0
240,41,Candidate,Electrónica,313.17,1,2023-10-20 00:34:14,Sur,56,Masculino,1,Cancelado,313.17
241,7,Start,Hogar,303.77,2,2023-08-18 14:11:48,Sur,39,Otro,0,Enviado,607.54
242,1,Early,Electrónica,477.56,1,2023-08-24 12:51:10,Sur,42,Otro,0,Enviado,477.56
243,33,She,Alimentos,178.67,4,2023-07-24 12:24:49,Norte,57,Otro,1,Cancelado,714.68
244,1,Pattern,Electrónica,84.17,5,2023-03-14 10:17:35,Centro,52,Femenino,0,Enviado,420.85
245,58,General,Electrónica,300.92,4,2023-07-15 00:46:22,Sur,25,Femenino,0,Enviado,1203.68
246,23,Child,Ropa,241.04,3,2023-02-14 03:57:00,Centro,31,Masculino,1,Entregado,723.12
247,31,Along,Ropa,368.14,3,2023-02-04 20:15:47,Centro,19,Femenino,0,Enviado,1104.42
248,69,Would,Ropa,41.78,4,2023-07-11 06:28:06,Norte,48,Otro,1,Entregado,167.12
249,55,Feeling,Electrónica,387.24,3,2023-09-23 01:52:41,Norte,38,Femenino,0,Enviado,1161.72
250,80,Republican,Hogar,315.29,3,2023-07-21 07:34:34,Norte,60,Femenino,0,Enviado,945.87
251,62,Forget,Alimentos,362.86,1,2023-12-04 21:22:05,Centro,43,Otro,0,Cancelado,362.86
252,88,Strong,Hogar,271.85,5,2023-03-07 04:25:47,Norte,59,Femenino,0,Enviado,1359.25
253,47,Whose,Alimentos,436.21,2,2023-06-15 17:52:05,Centro,36,Femenino,1,Enviado,872.42
254,80,Direction,Alimentos,423.24,3,2023-07-04 03:38:52,Centro,34,Otro,1,Cancelado,1269.72
255,23,Begin,Hogar,463.94,2,2023-05-03 20:03:51,Centro,38,Femenino,0,Entregado,927.88
256,77,Still,Hogar,170.55,1,2023-12-25 01:51:13,Sur,32,Masculino,1,Enviado,170.55
257,56,Attention,Hogar,418.94,2,2023-04-24 18:43:54,Centro,61,Femenino,1,Entregado,837.88
258,36,Suddenly,Electrónica,214.0,1,2023-10-30 22:28:53,Centro,23,Femenino,0,Entregado,214.0
259,70,Lot,Ropa,113.88,1,2023-08-19 22:45:47,Sur,48,Femenino,0,Entregado,113.88
260,47,Generation,Hogar,155.55,4,2023-03-03 19:40:02,Sur,30,Femenino,0,Enviado,622.2
261,47,Enter,Alimentos,127.16,4,2023-01-18 00:57:16,Centro,20,Femenino,0,Cancelado,508.64
262,98,Eat,Alimentos,297.88,1,2023-11-16 11:19:49,Centro,44,Masculino,0,Enviado,297.88
263,94,Cup,Alimentos,424.55,3,2023-08-26 11:54:04,Sur,31,Otro,1,Cancelado,1273.65
264,4,Drug,Electrónica,122.54,3,2023-05-27 18:22:32,Sur,19,Femenino,1,Enviado,367.62
265,4,Her,Hogar,177.14,4,2023-02-18 00:10:05,Sur,57,Femenino,1,Cancelado,708.56
266,35,List,Juguetes,356.28,5,2023-05-04 13:50:28,Centro,30,Otro,1,Entregado,1781.4
267,98,Least,Ropa,374.59,4,2023-03-20 12:08:53,Sur,49,Femenino,0,Entregado,1498.36
268,14,Age,Electrónica,499.31,5,2023-05-07 14:21:10,Centro,41,Femenino,0,Cancelado,2496.55
269,45,Several,Hogar,38.95,5,2023-06-14 11:56:55,Norte,42,Otro,0,Entregado,194.75
270,86,Activity,Hogar,443.94,1,2023-02-23 13:06:34,Sur,33,Femenino,1,Cancelado,443.94
271,21,South,Ropa,423.56,1,2023-11-07 17:02:24,Centro,40,Femenino,1,Entregado,423.56
272,69,Agree,Ropa,188.68,1,2023-11-29 13:43:28,Sur,62,Otro,1,Enviado,188.68
273,56,Who,Electrónica,370.03,1,2023-07-24 09:19:46,Sur,41,Femenino,1,Enviado,370.03
274,34,Until,Alimentos,126.9,3,2023-12-06 19:06:14,Sur,33,Masculino,1,Entregado,380.7000000000001
275,15,Detail,Ropa,438.74,2,2023-06-19 21:08:08,Norte,63,Femenino,0,Cancelado,877.48
276,92,Friend,Hogar,89.89,2,2023-08-05 19:27:02,Norte,36,Masculino,1,Entregado,179.78
277,8,Certainly,Ropa,69.37,2,2023-12-30 08:22:09,Norte,41,Otro,1,Enviado,138.74
278,42,Political,Ropa,401.56,3,2023-02-26 06:31:25,Sur,28,Masculino,1,Cancelado,1204.68
279,97,Of,Juguetes,237.05,1,2023-12-24 08:33:21,Sur,47,Femenino,0,Cancelado,237.05
280,81,Herself,Juguetes,93.36,1,2023-12-14 09:11:29,Sur,45,Otro,1,Entregado,93.36
281,51,Scientist,Electrónica,127.94,4,2023-02-16 20:13:50,Norte,23,Femenino,0,Enviado,511.76
282,22,Capital,Alimentos,163.47,1,2023-08-20 23:44:40,Norte,23,Masculino,0,Entregado,163.47
283,80,Evidence,Ropa,25.54,2,2023-03-18 09:40:23,Centro,40,Femenino,1,Entregado,51.08
284,71,My,Electrónica,390.55,5,2023-04-15 16:55:10,Centro,49,Masculino,1,Cancelado,1952.75
285,69,Decision,Hogar,225.63,1,2023-10-15 19:36:06,Norte,39,Masculino,1,Enviado,225.63
286,82,Dog,Electrónica,96.58,5,2023-05-04 12:41:24,Sur,18,Otro,1,Entregado,482.9
287,89,Week,Juguetes,434.11,5,2023-06-09 16:16:27,Sur,20,Otro,1,Cancelado,2170.55
288,90,Special,Alimentos,452.66,4,2023-03-11 22:06:20,Norte,32,Femenino,0,Enviado,1810.64
289,75,Voice,Ropa,341.35,3,2023-02-07 20:29:24,Sur,50,Femenino,0,Enviado,1024.0500000000002
290,66,Although,Alimentos,10.71,4,2023-02-25 14:57:54,Norte,26,Femenino,1,Entregado,42.84
291,68,Year,Ropa,422.01,1,2023-04-13 09:35:30,Sur,38,Otro,1,Enviado,422.01
292,14,School,Electrónica,40.39,3,2023-02-14 00:16:00,Norte,55,Femenino,1,Entregado,121.17
293,36,Maybe,Alimentos,121.07,2,2023-02-23 21:59:53,Centro,32,Femenino,1,Cancelado,242.14
294,85,Thousand,Juguetes,102.3,5,2023-05-14 06:38:41,Norte,44,Masculino,0,Cancelado,511.5
295,1,Rich,Electrónica,81.23,4,2023-11-25 20:17:32,Centro,41,Masculino,0,Enviado,324.92
296,97,Low,Ropa,373.38,1,2023-05-06 04:06:30,Centro,36,Femenino,0,Enviado,373.38
297,37,Little,Juguetes,309.09,5,2023-04-24 03:21:46,Sur,36,Otro,1,Cancelado,1545.4499999999998
298,8,Majority,Alimentos,189.94,3,2023-09-03 08:02:27,Sur,21,Otro,0,Cancelado,569.8199999999999
299,3,Tax,Hogar,471.25,2,2023-07-13 04:31:14,Sur,56,Masculino,0,Enviado,942.5
300,70,Hold,Juguetes,22.13,4,2023-05-03 08:41:38,Sur,31,Otro,0,Enviado,88.52
301,60,Front,Electrónica,65.09,2,2023-10-12 14:29:15,Centro,46,Otro,0,Cancelado,130.18
302,37,Century,Alimentos,155.58,5,2023-03-27 20:22:00,Norte,61,Femenino,1,Enviado,777.9000000000001
303,88,Window,Alimentos,113.2,5,2023-06-20 03:01:56,Centro,44,Femenino,0,Cancelado,566.0
304,64,Ahead,Juguetes,206.53,3,2023-06-19 23:52:56,Centro,31,Femenino,1,Cancelado,619.59
305,94,Site,Juguetes,392.75,1,2023-01-25 04:08:32,Norte,52,Femenino,1,Cancelado,392.75
306,63,Place,Hogar,133.74,4,2023-09-17 04:26:31,Norte,41,Otro,0,Enviado,534.96
307,53,According,Alimentos,417.13,2,2023-10-23 04:03:29,Sur,56,Otro,0,Entregado,834.26
308,44,Certain,Hogar,327.25,4,2023-09-04 04:21:44,Sur,29,Otro,0,Enviado,1309.0
309,48,Wait,Hogar,142.77,3,2023-10-18 20:40:05,Centro,55,Otro,1,Enviado,428.31000000000006
310,56,Buy,Ropa,91.28,1,2023-03-16 01:28:40,Norte,52,Femenino,0,Enviado,91.28
311,3,News,Electrónica,145.89,5,2023-03-14 02:12:45,Sur,51,Otro,1,Cancelado,729.4499999999999
312,2,Appear,Juguetes,442.03,3,2023-09-06 20:08:52,Norte,50,Masculino,1,Cancelado,1326.09
313,21,Sport,Hogar,384.57,5,2023-07-05 22:43:02,Sur,55,Femenino,0,Enviado,1922.85
314,52,Beautiful,Electrónica,186.47,2,2023-06-15 03:31:37,Sur,40,Masculino,0,Cancelado,372.94
315,75,Present,Electrónica,224.29,5,2023-10-10 18:48:32,Norte,63,Femenino,0,Enviado,1121.45
316,65,Full,Alimentos,285.36,5,2023-06-26 00:07:48,Sur,54,Masculino,0,Cancelado,1426.8000000000002
317,85,Few,Hogar,412.25,1,2023-04-12 12:14:49,Sur,47,Femenino,0,Cancelado,412.25
318,67,Simply,Electrónica,208.27,4,2023-07-02 22:21:53,Norte,37,Femenino,0,Cancelado,833.08
319,5,Order,Juguetes,392.8,1,2023-04-25 14:49:16,Centro,35,Otro,1,Entregado,392.8
320,42,Mr,Alimentos,367.22,2,2023-03-28 22:59:25,Norte,47,Masculino,1,Cancelado,734.44
321,64,Even,Electrónica,276.52,5,2023-12-12 23:30:12,Sur,26,Otro,0,Enviado,1382.6
322,90,Total,Hogar,156.4,4,2023-03-27 11:40:21,Sur,38,Otro,1,Entregado,625.6
323,65,So,Hogar,280.13,3,2023-06-25 13:20:36,Norte,39,Masculino,0,Enviado,840.39
324,45,Camera,Juguetes,478.24,2,2023-06-23 16:36:02,Sur,21,Masculino,0,Cancelado,956.48
325,70,Sometimes,Juguetes,169.37,1,2023-09-18 21:07:56,Sur,33,Femenino,0,Entregado,169.37
326,77,Book,Hogar,279.59,3,2023-01-05 02:37:50,Sur,51,Femenino,1,Cancelado,838.77
327,63,Special,Juguetes,176.31,1,2023-05-04 08:23:00,Norte,40,Otro,1,Entregado,176.31
328,29,Democrat,Alimentos,141.2,2,2023-05-20 03:21:42,Norte,51,Otro,1,Cancelado,282.4
329,85,Half,Hogar,108.77,2,2023-07-17 21:02:16,Centro,33,Masculino,0,Enviado,217.54
330,98,President,Ropa,110.61,5,2023-01-10 02:09:15,Centro,56,Otro,0,Cancelado,553.05
331,61,Table,Ropa,27.94,1,2023-09-05 09:17:49,Norte,26,Otro,1,Cancelado,27.94
332,59,Drive,Electrónica,325.06,2,2023-06-09 15:43:07,Centro,31,Femenino,1,Enviado,650.12
333,42,Result,Ropa,186.91,5,2023-06-24 15:59:54,Centro,29,Masculino,0,Cancelado,934.55
334,30,Treat,Ropa,445.16,4,2023-11-23 13:59:19,Centro,32,Masculino,1,Cancelado,1780.64
335,22,Time,Juguetes,35.66,4,2023-10-07 19:59:47,Centro,28,Femenino,1,Entregado,142.64
336,5,Friend,Ropa,368.81,3,2023-09-10 11:42:03,Centro,34,Masculino,1,Cancelado,1106.43
337,45,Walk,Hogar,158.27,3,2023-08-09 09:52:50,Norte,18,Femenino,0,Enviado,474.81000000000006
338,62,North,Ropa,263.7,4,2023-07-19 07:08:39,Centro,25,Femenino,0,Enviado,1054.8
339,53,What,Electrónica,438.11,4,2023-03-04 13:39:18,Sur,54,Masculino,1,Cancelado,1752.44
340,75,Write,Hogar,255.39,4,2023-11-09 04:05:34,Norte,64,Femenino,1,Cancelado,1021.56
341,22,Scene,Alimentos,142.72,3,2023-07-15 11:38:48,Sur,45,Femenino,1,Cancelado,428.16
342,88,Fact,Hogar,431.98,5,2023-04-04 19:45:12,Sur,45,Masculino,1,Enviado,2159.9
343,33,Soldier,Hogar,376.72,5,2023-02-16 13:31:33,Norte,26,Femenino,0,Enviado,1883.6
344,43,Scientist,Alimentos,345.26,4,2023-04-01 17:32:16,Norte,34,Otro,0,Entregado,1381.04
345,16,Most,Hogar,333.45,1,2023-11-24 20:51:36,Norte,19,Otro,0,Entregado,333.45
346,44,Rest,Alimentos,112.97,2,2023-04-26 13:06:47,Centro,46,Masculino,0,Enviado,225.94
347,91,Assume,Ropa,426.41,5,2023-08-28 13:19:41,Sur,48,Otro,1,Cancelado,2132.05
348,6,Once,Electrónica,125.95,2,2023-12-08 03:38:00,Norte,55,Femenino,1,Cancelado,251.9
349,97,Move,Hogar,493.75,4,2023-04-08 01:16:30,Norte,34,Femenino,1,Cancelado,1975.0
350,79,Prove,Ropa,427.17,3,2023-02-13 02:40:12,Norte,50,Otro,0,Cancelado,1281.51
351,3,Great,Hogar,107.29,3,2023-11-10 05:03:54,Sur,51,Femenino,0,Enviado,321.87
352,6,Professor,Ropa,86.89,5,2023-09-09 00:49:29,Centro,47,Otro,0,Cancelado,434.45
353,95,International,Juguetes,342.12,4,2023-05-21 12:57:47,Norte,43,Masculino,0,Entregado,1368.48
354,8,Mouth,Ropa,477.39,4,2023-02-12 18:47:25,Sur,50,Otro,1,Cancelado,1909.56
355,75,Sit,Juguetes,467.65,1,2023-01-13 15:39:00,Norte,39,Otro,0,Cancelado,467.65
356,37,Over,Juguetes,405.36,1,2023-01-22 13:49:13,Centro,40,Masculino,0,Cancelado,405.36
357,2,Culture,Alimentos,335.04,5,2023-08-20 15:08:05,Sur,36,Masculino,1,Enviado,1675.2
358,6,Expert,Ropa,48.08,3,2023-01-14 12:21:05,Sur,20,Otro,0,Cancelado,144.24
359,40,Congress,Juguetes,333.46,2,2023-08-03 17:10:12,Centro,21,Otro,1,Entregado,666.92
360,52,Pull,Juguetes,217.58,4,2023-06-16 02:00:41,Sur,64,Masculino,1,Enviado,870.32
361,94,Garden,Electrónica,454.89,4,2023-01-28 15:55:21,Centro,31,Otro,0,Enviado,1819.56
362,62,Before,Juguetes,38.57,4,2023-03-01 14:14:41,Centro,38,Masculino,1,Enviado,154.28
363,60,Loss,Ropa,89.36,5,2023-05-27 17:02:04,Norte,22,Femenino,1,Enviado,446.8
364,29,Lawyer,Ropa,307.77,3,2023-07-31 15:25:58,Sur,63,Masculino,1,Cancelado,923.31
365,14,Police,Ropa,299.6,5,2023-02-02 15:45:23,Sur,20,Masculino,0,Enviado,1498.0
366,90,Pretty,Ropa,319.11,5,2023-01-09 13:51:58,Centro,51,Otro,0,Entregado,1595.5500000000002
367,83,Day,Hogar,384.34,1,2023-01-24 10:28:29,Sur,60,Otro,1,Enviado,384.34
368,93,We,Electrónica,312.64,2,2023-07-12 06:27:05,Norte,40,Femenino,0,Cancelado,625.28
369,42,Each,Electrónica,316.39,4,2023-04-11 10:10:33,Sur,29,Masculino,0,Enviado,1265.56
370,36,American,Alimentos,467.06,3,2023-12-14 13:57:58,Norte,35,Femenino,0,Enviado,1401.18
371,69,Possible,Ropa,28.52,4,2023-11-01 06:54:54,Centro,50,Masculino,0,Entregado,114.08
372,98,Minute,Juguetes,442.71,5,2023-11-29 08:39:31,Norte,42,Femenino,1,Cancelado,2213.55
373,28,Almost,Ropa,427.14,4,2023-06-11 20:49:40,Norte,46,Otro,1,Enviado,1708.56
374,100,Statement,Electrónica,150.27,1,2023-08-20 02:33:23,Sur,61,Masculino,0,Cancelado,150.27
375,65,Everything,Juguetes,343.63,2,2023-05-30 11:10:35,Centro,18,Otro,1,Enviado,687.26
376,91,Wife,Alimentos,159.8,2,2023-02-23 11:30:27,Norte,56,Masculino,1,Enviado,319.6
377,52,Your,Ropa,475.33,5,2023-03-06 11:42:45,Centro,25,Otro,1,Entregado,2376.65
378,71,Kind,Hogar,336.12,1,2023-11-23 09:42:21,Norte,22,Otro,0,Enviado,336.12
379,18,Sign,Alimentos,131.7,1,2023-11-30 04:12:43,Centro,24,Masculino,0,Entregado,131.7
380,87,Suffer,Electrónica,421.0,3,2023-07-21 04:13:04,Sur,35,Otro,1,Entregado,1263.0
381,19,Official,Electrónica,479.63,3,2023-06-27 03:12:26,Norte,38,Femenino,1,Entregado,1438.89
382,36,Good,Electrónica,305.45,4,2023-12-15 04:58:37,Sur,59,Otro,0,Enviado,1221.8
383,88,Determine,Juguetes,261.7,5,2023-07-15 09:11:45,Centro,58,Otro,0,Entregado,1308.5
384,85,Crime,Electrónica,151.19,4,2023-10-11 02:47:27,Sur,53,Masculino,0,Enviado,604.76
385,73,Really,Alimentos,200.04,2,2023-07-08 02:08:24,Centro,65,Femenino,1,Cancelado,400.08
386,81,Produce,Hogar,486.91,3,2023-05-15 21:28:27,Sur,54,Otro,0,Entregado,1460.73
387,34,Back,Alimentos,290.4,4,2023-08-16 06:13:09,Centro,24,Masculino,0,Enviado,1161.6
388,24,Appear,Hogar,182.05,5,2023-02-16 13:45:37,Sur,19,Masculino,1,Entregado,910.25
389,91,Week,Alimentos,357.37,5,2023-09-24 19:55:15,Sur,41,Femenino,1,Entregado,1786.85
390,62,Level,Ropa,381.16,1,2023-06-12 22:52:20,Norte,53,Otro,1,Enviado,381.16
391,49,Personal,Ropa,487.84,3,2023-11-05 16:01:08,Norte,36,Masculino,0,Enviado,1463.52
392,74,Key,Hogar,87.14,4,2023-07-30 02:30:51,Sur,25,Femenino,0,Entregado,348.56
393,88,Keep,Juguetes,248.1,3,2023-07-11 08:31:42,Centro,30,Femenino,1,Entregado,744.3
394,90,Either,Alimentos,12.34,1,2023-02-06 21:54:03,Centro,60,Femenino,1,Enviado,12.34
395,73,Necessary,Ropa,198.14,1,2023-11-25 03:34:42,Norte,24,Otro,1,Enviado,198.14
396,94,Eat,Ropa,277.14,3,2023-06-07 22:46:51,Norte,19,Femenino,1,Cancelado,831.42
397,20,So,Hogar,395.25,5,2023-02-09 12:13:28,Centro,64,Masculino,0,Entregado,1976.25
398,84,Night,Alimentos,472.28,3,2023-04-29 14:39:57,Sur,36,Masculino,1,Enviado,1416.84
399,38,Choose,Ropa,301.08,4,2023-02-13 00:41:32,Sur,38,Femenino,0,Enviado,1204.32
400,27,Feeling,Alimentos,61.91,5,2023-10-10 21:59:21,Norte,41,Otro,0,Enviado,309.54999999999995
401,79,Responsibility,Juguetes,122.23,4,2023-07-19 21:27:22,Centro,46,Otro,0,Entregado,488.92
402,87,Source,Hogar,171.01,4,2023-05-25 23:51:32,Centro,65,Masculino,1,Entregado,684.04
403,71,Maintain,Juguetes,66.36,2,2023-12-05 23:22:25,Norte,27,Masculino,0,Entregado,132.72
404,46,Contain,Alimentos,279.37,5,2023-09-02 01:24:54,Norte,59,Masculino,1,Enviado,1396.85
405,80,Media,Hogar,344.71,3,2023-01-24 00:26:17,Sur,52,Femenino,1,Enviado,1034.13
406,9,Save,Juguetes,83.97,5,2023-04-18 15:36:00,Sur,29,Femenino,1,Cancelado,419.85
407,12,Real,Juguetes,166.35,2,2023-04-05 00:24:36,Norte,57,Masculino,1,Enviado,332.7
408,81,Yes,Juguetes,365.99,4,2023-01-16 07:11:40,Centro,44,Masculino,1,Cancelado,1463.96
409,86,People,Alimentos,123.04,5,2023-03-26 21:16:50,Centro,36,Femenino,1,Entregado,615.2
410,99,Perhaps,Juguetes,326.73,4,2023-01-08 05:45:56,Norte,31,Femenino,0,Enviado,1306.92
411,90,School,Ropa,24.34,3,2023-02-15 01:52:21,Sur,56,Masculino,0,Cancelado,73.02
412,17,Study,Hogar,395.33,5,2023-06-06 09:43:15,Centro,36,Masculino,1,Entregado,1976.65
413,81,Protect,Hogar,152.65,5,2023-10-19 04:25:34,Sur,23,Masculino,0,Cancelado,763.25
414,30,Senior,Ropa,97.87,3,2023-05-18 00:39:39,Norte,51,Masculino,0,Cancelado,293.61
415,9,Instead,Ropa,267.37,1,2023-11-14 03:58:22,Sur,61,Femenino,1,Cancelado,267.37
416,69,Respond,Ropa,277.85,3,2023-03-11 11:06:15,Sur,25,Otro,0,Entregado,833.5500000000001
417,3,Number,Electrónica,16.23,4,2023-02-11 12:45:30,Norte,38,Femenino,0,Cancelado,64.92
418,9,Ahead,Electrónica,151.31,4,2023-04-21 07:23:27,Centro,27,Femenino,0,Entregado,605.24
419,26,Mr,Ropa,295.59,1,2023-06-18 06:53:10,Norte,35,Femenino,1,Entregado,295.59
420,85,Necessary,Alimentos,192.87,4,2023-12-06 03:48:10,Centro,50,Masculino,0,Entregado,771.48
421,20,Should,Alimentos,425.73,1,2023-03-12 20:38:32,Norte,50,Femenino,1,Cancelado,425.73
422,87,Art,Juguetes,119.43,3,2023-02-07 13:00:06,Sur,46,Masculino,0,Entregado,358.29
423,61,Natural,Hogar,302.33,5,2023-04-26 20:55:33,Norte,38,Otro,1,Cancelado,1511.65
424,82,Deal,Electrónica,123.22,4,2023-09-22 04:44:30,Sur,62,Otro,1,Enviado,492.88
425,19,Option,Electrónica,313.54,2,2023-03-22 01:55:18,Norte,53,Otro,0,Cancelado,627.08
426,13,Computer,Juguetes,267.11,5,2023-05-10 12:53:14,Sur,33,Masculino,1,Cancelado,1335.5500000000002
427,61,Morning,Hogar,182.04,2,2023-03-06 12:39:24,Sur,27,Otro,0,Cancelado,364.08
428,87,Six,Ropa,436.18,1,2023-10-15 23:32:54,Centro,47,Masculino,0,Entregado,436.18
429,25,Produce,Juguetes,225.54,5,2023-06-19 15:35:54,Norte,34,Otro,1,Entregado,1127.7
430,45,Account,Hogar,224.4,4,2023-12-12 01:48:35,Sur,51,Otro,0,Cancelado,897.6
431,98,Fill,Alimentos,336.22,5,2023-08-27 03:36:35,Sur,49,Femenino,0,Cancelado,1681.1
432,34,Wonder,Hogar,111.73,1,2023-10-29 14:07:16,Sur,21,Masculino,0,Enviado,111.73
433,90,Research,Ropa,20.02,2,2023-05-23 02:16:45,Sur,49,Femenino,1,Cancelado,40.04
434,43,Serious,Ropa,441.35,1,2023-11-11 23:42:57,Centro,27,Masculino,1,Enviado,441.35
435,92,Present,Juguetes,253.07,1,2023-04-10 16:41:44,Centro,19,Otro,0,Cancelado,253.07
436,55,All,Hogar,282.01,5,2023-05-03 07:11:21,Sur,36,Otro,1,Cancelado,1410.05
437,42,Professional,Ropa,38.08,2,2023-07-02 06:35:23,Norte,18,Masculino,0,Cancelado,76.16
438,81,Hundred,Hogar,321.44,3,2023-09-22 00:50:22,Sur,53,Femenino,1,Enviado,964.32
439,1,Investment,Alimentos,350.71,2,2023-10-07 23:55:41,Centro,46,Femenino,0,Entregado,701.42
440,23,Public,Electrónica,168.55,1,2023-05-08 19:55:52,Centro,29,Femenino,1,Entregado,168.55
441,21,Safe,Alimentos,56.46,3,2023-01-03 03:02:16,Sur,54,Otro,0,Entregado,169.38
442,45,Eye,Electrónica,461.92,2,2023-04-06 08:53:29,Norte,21,Femenino,0,Cancelado,923.84
443,48,Care,Hogar,366.74,3,2023-03-10 00:49:02,Norte,29,Masculino,1,Cancelado,1100.22
444,51,Short,Electrónica,200.03,4,2023-06-26 06:38:33,Norte,59,Otro,0,Cancelado,800.12
445,72,Financial,Juguetes,245.5,3,2023-04-03 02:41:34,Norte,34,Masculino,0,Cancelado,736.5
446,13,Character,Juguetes,456.59,5,2023-11-24 11:33:37,Centro,51,Masculino,1,Enviado,2282.95
447,66,To,Electrónica,395.35,3,2023-10-05 20:03:19,Norte,64,Otro,0,Entregado,1186.0500000000002
448,45,Consumer,Alimentos,451.91,4,2023-02-19 20:22:12,Sur,63,Masculino,0,Enviado,1807.64
449,78,Goal,Hogar,82.59,1,2023-02-15 04:47:52,Centro,40,Otro,0,Cancelado,82.59
450,19,Appear,Alimentos,444.74,4,2023-12-03 01:37:56,Centro,26,Masculino,1,Enviado,1778.96
451,24,Level,Hogar,371.81,3,2023-05-21 06:35:45,Sur,31,Masculino,1,Cancelado,1115.43
452,70,Ever,Ropa,81.11,1,2023-03-17 11:29:06,Norte,19,Otro,0,Enviado,81.11
453,50,Four,Hogar,150.16,2,2023-04-24 01:20:27,Sur,41,Femenino,0,Enviado,300.32
454,52,Without,Ropa,174.8,5,2023-04-27 19:42:59,Norte,34,Masculino,1,Enviado,874.0
455,43,Democratic,Alimentos,245.14,5,2023-11-19 10:32:02,Centro,31,Masculino,0,Cancelado,1225.6999999999998
456,78,Direction,Electrónica,409.53,2,2023-08-09 16:57:35,Sur,59,Otro,1,Entregado,819.06
457,29,Catch,Alimentos,102.1,1,2023-05-12 19:31:03,Centro,64,Otro,0,Enviado,102.1
458,92,Condition,Electrónica,474.5,4,2023-09-28 12:44:35,Centro,27,Masculino,0,Entregado,1898.0
459,75,Drop,Alimentos,216.32,2,2023-03-07 09:44:09,Centro,43,Otro,0,Enviado,432.64
460,30,Religious,Ropa,224.29,1,2023-08-01 17:27:17,Sur,63,Masculino,0,Enviado,224.29
461,50,Less,Ropa,389.04,5,2023-09-22 02:50:30,Centro,38,Femenino,1,Cancelado,1945.2
462,82,Real,Hogar,135.82,3,2023-03-15 15:46:52,Norte,46,Otro,1,Entregado,407.46
463,97,Buy,Electrónica,222.49,5,2023-11-26 04:23:14,Sur,62,Masculino,0,Enviado,1112.45
464,92,Chance,Electrónica,263.04,1,2023-02-08 15:18:32,Sur,30,Femenino,1,Entregado,263.04
465,52,Team,Hogar,419.03,2,2023-08-08 20:29:41,Norte,40,Femenino,1,Enviado,838.06
466,83,Stop,Ropa,162.59,5,2023-12-17 01:24:18,Sur,55,Masculino,0,Cancelado,812.95
467,59,Past,Ropa,445.02,5,2023-10-15 15:11:35,Norte,53,Femenino,1,Entregado,2225.1
468,24,Front,Juguetes,446.97,1,2023-05-26 12:52:57,Sur,27,Masculino,0,Cancelado,446.97
469,40,Tough,Electrónica,12.35,3,2023-04-08 13:37:43,Norte,41,Masculino,1,Cancelado,37.05
470,56,Population,Juguetes,102.43,1,2023-10-04 05:45:12,Sur,29,Otro,0,Enviado,102.43
471,25,Senior,Hogar,278.19,2,2023-08-02 17:22:02,Sur,27,Femenino,1,Entregado,556.38
472,66,Voice,Ropa,382.14,4,2023-12-01 23:33:17,Centro,33,Otro,1,Enviado,1528.56
473,50,Quite,Hogar,185.77,4,2023-07-24 23:16:18,Sur,55,Femenino,1,Enviado,743.08
474,35,Economy,Alimentos,400.59,3,2023-08-01 04:19:25,Sur,52,Otro,0,Entregado,1201.77
475,70,Play,Alimentos,44.19,3,2023-11-16 01:24:44,Norte,46,Masculino,1,Entregado,132.57
476,89,Everything,Juguetes,143.7,4,2023-11-28 20:06:16,Centro,55,Femenino,1,Enviado,574.8
477,23,Begin,Alimentos,261.15,2,2023-10-27 20:37:09,Sur,37,Femenino,0,Entregado,522.3
478,96,Ask,Electrónica,365.18,2,2023-10-29 20:37:42,Norte,27,Otro,1,Entregado,730.36
479,66,Development,Juguetes,409.47,3,2023-01-29 18:42:25,Sur,38,Femenino,1,Entregado,1228.41
480,17,Worker,Ropa,292.64,3,2023-08-04 06:44:19,Centro,46,Masculino,0,Entregado,877.92
481,70,Thus,Ropa,46.87,5,2023-09-27 15:49:31,Sur,37,Masculino,1,Enviado,234.35
482,29,Address,Juguetes,74.98,4,2023-03-17 00:35:45,Centro,36,Otro,1,Entregado,299.92
483,31,Watch,Electrónica,82.42,3,2023-05-16 03:41:00,Centro,33,Masculino,0,Entregado,247.26
484,67,Floor,Ropa,138.6,1,2023-03-27 23:52:51,Norte,62,Otro,0,Entregado,138.6
485,30,Town,Electrónica,182.17,2,2023-02-24 20:52:40,Norte,21,Femenino,0,Enviado,364.34
486,48,Word,Juguetes,92.19,5,2023-08-30 15:43:42,Norte,54,Femenino,0,Cancelado,460.95
487,99,Either,Juguetes,228.05,4,2023-01-09 19:16:12,Sur,46,Otro,1,Enviado,912.2
488,84,Western,Hogar,174.96,3,2023-10-02 05:52:04,Norte,18,Otro,0,Entregado,524.88
489,8,Effect,Alimentos,410.1,2,2023-02-22 16:09:44,Sur,64,Otro,1,Entregado,820.2
490,95,Education,Hogar,464.08,5,2023-05-18 18:34:38,Norte,20,Femenino,1,Enviado,2320.4
491,43,Senior,Hogar,386.47,5,2023-11-16 11:00:29,Norte,43,Masculino,0,Entregado,1932.35
492,62,Door,Ropa,61.94,1,2023-02-19 11:09:36,Norte,38,Femenino,1,Entregado,61.94
493,53,Information,Alimentos,131.91,2,2023-04-30 04:33:11,Sur,18,Otro,1,Cancelado,263.82
494,79,Direction,Juguetes,442.66,5,2023-02-16 10:44:47,Sur,27,Masculino,1,Enviado,2213.3
495,65,Traditional,Juguetes,268.59,4,2023-08-08 12:30:40,Norte,42,Otro,0,Enviado,1074.36
496,3,Term,Juguetes,90.25,4,2023-04-04 16:26:04,Sur,33,Otro,0,Cancelado,361.0
497,34,Carry,Alimentos,93.23,1,2023-01-24 17:37:28,Centro,37,Femenino,1,Entregado,93.23
498,80,Audience,Alimentos,42.1,5,2023-07-16 16:00:00,Sur,28,Otro,1,Enviado,210.5
499,3,Add,Alimentos,382.99,2,2023-10-09 01:49:05,Centro,34,Otro,1,Entregado,765.98
500,67,Watch,Electrónica,155.7,4,2023-09-07 17:02:43,Sur,29,Otro,0,Enviado,622.8
501,5,Protect,Juguetes,20.38,2,2023-01-23 21:01:53,Centro,41,Otro,0,Entregado,40.76
502,37,Firm,Electrónica,335.43,2,2023-06-23 04:34:18,Centro,18,Masculino,0,Cancelado,670.86
503,23,Take,Alimentos,429.99,3,2023-02-03 02:54:09,Norte,19,Otro,1,Enviado,1289.97
504,43,Few,Juguetes,141.53,4,2023-12-16 03:03:37,Centro,61,Femenino,0,Enviado,566.12
505,70,Stop,Hogar,453.27,2,2023-02-23 06:19:46,Centro,53,Masculino,1,Cancelado,906.54
506,7,Fear,Ropa,390.24,5,2023-11-27 23:52:17,Centro,65,Femenino,1,Enviado,1951.2
507,43,Seven,Juguetes,407.34,4,2023-08-04 13:15:59,Sur,19,Femenino,0,Enviado,1629.36
508,77,Western,Juguetes,375.33,1,2023-01-07 08:00:10,Sur,60,Masculino,0,Entregado,375.33
509,69,Research,Alimentos,390.72,4,2023-01-26 23:12:04,Norte,40,Femenino,1,Cancelado,1562.88
510,80,Shake,Electrónica,285.84,3,2023-05-29 23:55:18,Centro,65,Masculino,0,Enviado,857.52
511,52,Interest,Hogar,187.23,3,2023-04-15 07:06:08,Centro,30,Otro,0,Cancelado,561.6899999999999
512,68,Subject,Hogar,87.12,5,2023-12-07 02:30:26,Norte,56,Masculino,0,Enviado,435.6
513,22,Gas,Ropa,91.74,4,2023-05-02 08:54:35,Sur,37,Otro,0,Cancelado,366.96
514,25,Talk,Hogar,132.01,4,2023-06-17 07:31:37,Sur,30,Otro,0,Enviado,528.04
515,30,Option,Alimentos,439.21,3,2023-12-24 13:39:25,Centro,27,Otro,1,Enviado,1317.63
516,62,Never,Electrónica,439.89,5,2023-05-08 21:47:35,Norte,48,Otro,1,Enviado,2199.45
517,35,Administration,Juguetes,470.84,5,2023-08-23 22:23:09,Sur,43,Femenino,0,Enviado,2354.2
518,55,Son,Ropa,489.45,5,2023-08-15 10:26:34,Centro,46,Otro,1,Enviado,2447.25
519,79,Item,Electrónica,221.18,1,2023-10-15 01:53:29,Centro,34,Otro,0,Enviado,221.18
520,58,Teacher,Hogar,171.01,1,2023-05-09 09:19:50,Sur,41,Femenino,1,Cancelado,171.01
521,78,Five,Hogar,313.55,1,2023-10-28 11:34:50,Norte,40,Otro,0,Entregado,313.55
522,36,Again,Hogar,432.51,1,2023-10-09 17:02:54,Norte,22,Otro,1,Entregado,432.51
523,55,Reflect,Alimentos,349.8,2,2023-12-24 04:31:04,Norte,20,Otro,0,Cancelado,699.6
524,31,Them,Juguetes,458.1,2,2023-11-12 23:15:18,Centro,23,Otro,0,Cancelado,916.2
525,94,Maintain,Electrónica,360.58,1,2023-02-16 04:04:31,Norte,63,Otro,1,Cancelado,360.58
526,46,Head,Ropa,255.67,2,2023-03-24 01:09:25,Norte,55,Otro,1,Cancelado,511.34
527,37,Road,Alimentos,428.98,2,2023-10-10 10:05:32,Centro,38,Femenino,1,Enviado,857.96
528,72,East,Electrónica,335.35,1,2023-11-10 16:17:49,Norte,22,Femenino,1,Entregado,335.35
529,48,Bank,Ropa,113.34,3,2023-08-12 16:46:14,Sur,57,Otro,0,Enviado,340.02
530,50,Before,Electrónica,85.73,1,2023-09-04 04:19:21,Norte,47,Otro,1,Enviado,85.73
531,56,Degree,Ropa,289.72,1,2023-04-26 20:13:23,Norte,21,Femenino,0,Cancelado,289.72
532,1,Discussion,Juguetes,256.55,2,2023-01-10 13:19:37,Centro,43,Masculino,1,Enviado,513.1
533,82,Test,Electrónica,281.72,1,2023-02-11 08:05:54,Centro,51,Otro,1,Entregado,281.72
534,95,Event,Alimentos,486.85,5,2023-03-14 12:58:58,Norte,53,Masculino,1,Entregado,2434.25
535,38,Matter,Hogar,413.93,5,2023-11-29 08:17:56,Sur,20,Otro,1,Enviado,2069.65
536,13,Company,Alimentos,375.29,4,2023-06-17 09:57:28,Norte,33,Otro,1,Entregado,1501.16
537,98,Tough,Hogar,207.41,1,2023-03-20 23:35:35,Sur,54,Masculino,1,Enviado,207.41
538,97,All,Electrónica,95.83,4,2023-11-02 04:46:15,Centro,56,Masculino,0,Entregado,383.32
539,79,Less,Electrónica,203.38,4,2023-09-22 14:08:54,Norte,38,Masculino,1,Entregado,813.52
540,70,Time,Electrónica,121.43,4,2023-06-30 21:19:28,Sur,46,Femenino,1,Cancelado,485.72
541,62,Size,Hogar,305.5,3,2023-03-21 02:17:08,Centro,55,Femenino,1,Enviado,916.5
542,30,Seven,Hogar,466.89,2,2023-05-01 23:01:43,Sur,31,Otro,0,Enviado,933.78
543,98,Believe,Ropa,226.55,2,2023-07-03 13:43:21,Centro,48,Femenino,1,Enviado,453.1
544,45,Need,Ropa,481.46,3,2023-08-21 11:20:34,Centro,37,Otro,0,Enviado,1444.38
545,93,Fire,Alimentos,394.05,1,2023-03-17 09:23:21,Centro,50,Femenino,1,Enviado,394.05
546,57,Young,Juguetes,190.69,4,2023-02-05 17:16:57,Sur,53,Femenino,1,Cancelado,762.76
547,41,Peace,Hogar,110.26,4,2023-08-14 13:20:28,Norte,54,Otro,1,Entregado,441.04
548,76,Among,Hogar,394.8,1,2023-01-24 16:31:46,Sur,65,Femenino,1,Enviado,394.8
549,76,Apply,Ropa,174.21,2,2023-06-04 09:32:56,Centro,63,Femenino,1,Cancelado,348.42
550,96,Player,Electrónica,224.14,2,2023-06-24 11:20:54,Sur,60,Femenino,1,Cancelado,448.28
551,87,Direction,Electrónica,192.7,2,2023-12-26 18:07:52,Sur,43,Masculino,1,Entregado,385.4
552,56,Hand,Ropa,472.59,1,2023-02-17 09:18:47,Sur,19,Otro,0,Cancelado,472.59
553,36,Too,Alimentos,322.45,2,2023-05-28 07:41:29,Sur,43,Masculino,1,Enviado,644.9
554,37,Step,Ropa,58.78,4,2023-03-12 10:44:17,Sur,28,Femenino,1,Cancelado,235.12
555,46,Any,Juguetes,152.58,5,2023-09-21 05:34:06,Norte,64,Femenino,1,Cancelado,762.9000000000001
556,23,Benefit,Hogar,109.77,2,2023-04-03 04:19:33,Norte,57,Masculino,0,Cancelado,219.54
557,23,Shake,Ropa,240.56,1,2023-04-21 13:08:28,Norte,25,Femenino,1,Cancelado,240.56
558,78,Piece,Juguetes,73.75,5,2023-04-14 00:26:03,Centro,43,Otro,0,Entregado,368.75
559,36,Ground,Hogar,171.82,4,2023-10-13 14:49:22,Centro,34,Femenino,1,Cancelado,687.28
560,66,Week,Juguetes,466.79,3,2023-05-27 09:01:59,Centro,57,Otro,1,Enviado,1400.37
561,69,And,Alimentos,48.86,2,2023-06-17 19:36:23,Norte,19,Otro,0,Entregado,97.72
562,71,Operation,Ropa,408.67,4,2023-04-21 15:21:53,Norte,25,Masculino,0,Entregado,1634.68
563,47,Design,Electrónica,227.41,5,2023-09-27 21:49:43,Norte,24,Otro,0,Cancelado,1137.05
564,98,Central,Alimentos,377.89,1,2023-08-28 10:16:26,Sur,31,Otro,0,Entregado,377.89
565,67,Indeed,Hogar,451.12,4,2023-11-11 03:56:23,Norte,30,Otro,0,Cancelado,1804.48
566,76,Improve,Ropa,265.31,2,2023-08-10 20:09:43,Centro,45,Masculino,0,Cancelado,530.62
567,14,Federal,Alimentos,109.01,2,2023-12-30 19:21:58,Sur,53,Otro,0,Entregado,218.02
568,81,Everyone,Electrónica,296.62,1,2023-08-07 10:55:22,Norte,31,Femenino,0,Entregado,296.62
569,23,Available,Electrónica,457.11,4,2023-04-28 09:49:36,Sur,38,Femenino,1,Entregado,1828.44
570,38,Sort,Ropa,239.23,3,2023-08-31 01:06:45,Centro,53,Femenino,0,Cancelado,717.6899999999999
571,52,Region,Electrónica,20.23,2,2023-05-30 22:28:31,Norte,25,Masculino,1,Cancelado,40.46
572,7,Million,Ropa,298.86,2,2023-12-12 00:04:29,Centro,49,Otro,0,Entregado,597.72
573,78,Agree,Ropa,267.94,3,2023-01-31 23:00:32,Norte,36,Otro,1,Entregado,803.8199999999999
574,90,Also,Juguetes,73.4,1,2023-03-06 08:16:28,Sur,60,Masculino,0,Enviado,73.4
575,100,Work,Hogar,44.87,1,2023-02-24 05:11:33,Centro,64,Femenino,0,Enviado,44.87
576,80,Soldier,Hogar,409.95,3,2023-10-22 08:23:33,Centro,54,Femenino,1,Entregado,1229.85
577,4,Beat,Electrónica,414.14,1,2023-01-31 13:11:31,Sur,56,Otro,0,Enviado,414.14
578,50,Worry,Juguetes,400.79,4,2023-04-15 02:05:37,Sur,49,Femenino,0,Cancelado,1603.16
579,59,Realize,Juguetes,477.14,5,2023-06-13 22:37:32,Sur,49,Otro,0,Cancelado,2385.7
580,8,Yeah,Alimentos,284.82,3,2023-03-02 12:06:05,Centro,29,Otro,1,Entregado,854.46
581,5,Wait,Electrónica,164.97,1,2023-10-20 01:07:42,Norte,18,Otro,1,Enviado,164.97
582,40,Go,Ropa,31.65,4,2023-07-13 18:37:43,Centro,32,Masculino,1,Cancelado,126.6
583,89,Energy,Hogar,466.1,4,2023-07-03 06:40:50,Centro,50,Otro,0,Cancelado,1864.4
584,22,Support,Alimentos,50.53,4,2023-08-14 16:51:51,Norte,43,Masculino,0,Entregado,202.12
585,81,Meeting,Ropa,165.66,3,2023-12-29 15:04:05,Centro,48,Masculino,1,Cancelado,496.98
586,87,Gun,Hogar,114.43,4,2023-06-07 00:46:31,Sur,41,Otro,0,Enviado,457.72
587,77,Almost,Juguetes,112.87,3,2023-05-26 21:36:59,Centro,44,Femenino,1,Cancelado,338.61
588,94,Off,Hogar,305.93,4,2023-07-07 20:06:48,Norte,18,Otro,0,Cancelado,1223.72
589,98,Exist,Hogar,316.14,1,2023-01-28 10:24:53,Centro,18,Femenino,1,Cancelado,316.14
590,41,Carry,Alimentos,257.56,5,2023-12-13 18:23:50,Sur,41,Masculino,0,Enviado,1287.8
591,90,Few,Alimentos,418.85,2,2023-04-29 09:30:10,Norte,50,Otro,1,Entregado,837.7
592,8,Other,Juguetes,491.4,4,2023-01-10 15:34:53,Centro,30,Otro,0,Enviado,1965.6
593,21,Option,Juguetes,76.85,3,2023-08-19 20:18:12,Centro,27,Femenino,1,Cancelado,230.55
594,85,Those,Electrónica,287.78,4,2023-02-15 14:30:02,Centro,65,Masculino,1,Entregado,1151.12
595,39,Result,Alimentos,118.31,1,2023-02-17 15:18:34,Sur,32,Femenino,0,Entregado,118.31
596,43,View,Hogar,82.85,2,2023-09-30 20:47:41,Sur,37,Femenino,1,Entregado,165.7
597,62,Clear,Hogar,55.1,3,2023-06-15 03:15:20,Norte,53,Otro,1,Enviado,165.3
598,76,Skill,Alimentos,212.05,5,2023-02-01 04:40:05,Norte,36,Otro,1,Enviado,1060.25
599,74,Politics,Juguetes,235.6,1,2023-01-25 18:22:36,Centro,22,Masculino,1,Entregado,235.6
600,6,Large,Hogar,48.06,5,2023-12-04 01:01:10,Centro,30,Masculino,1,Entregado,240.3
601,47,Right,Juguetes,269.5,2,2023-09-24 19:11:31,Centro,57,Masculino,1,Enviado,539.0
602,85,Ball,Juguetes,112.59,2,2023-11-12 21:08:37,Sur,29,Femenino,0,Entregado,225.18
603,18,Pattern,Ropa,88.82,4,2023-07-13 14:16:42,Norte,26,Femenino,1,Entregado,355.28
604,13,Produce,Juguetes,433.61,1,2023-12-18 08:19:24,Centro,31,Masculino,1,Enviado,433.61
605,64,Receive,Hogar,146.87,1,2023-09-15 13:32:56,Centro,53,Otro,1,Cancelado,146.87
606,44,Ground,Ropa,104.38,1,2023-09-05 00:50:49,Sur,56,Otro,0,Cancelado,104.38
607,24,Among,Electrónica,231.25,2,2023-06-06 03:10:52,Norte,42,Masculino,0,Cancelado,462.5
608,78,Cause,Alimentos,161.08,1,2023-04-09 22:52:32,Sur,57,Femenino,1,Enviado,161.08
609,55,Choice,Juguetes,376.67,5,2023-04-24 14:37:19,Sur,27,Masculino,0,Cancelado,1883.35
610,90,Suggest,Alimentos,367.35,1,2023-05-29 06:56:25,Norte,30,Masculino,0,Entregado,367.35
611,11,Them,Juguetes,439.33,4,2023-10-29 17:18:56,Sur,41,Masculino,0,Enviado,1757.32
612,91,Make,Juguetes,439.16,3,2023-01-24 11:41:15,Sur,25,Otro,1,Enviado,1317.48
613,45,Study,Alimentos,275.12,3,2023-05-18 02:55:02,Sur,34,Masculino,0,Enviado,825.36
614,7,Bar,Alimentos,490.7,4,2023-01-19 07:10:34,Centro,49,Masculino,0,Enviado,1962.8
615,76,Close,Ropa,26.93,4,2023-02-28 00:07:47,Sur,21,Femenino,1,Enviado,107.72
616,40,Foot,Electrónica,287.19,3,2023-03-14 06:42:07,Centro,38,Femenino,0,Cancelado,861.5699999999999
617,98,Development,Hogar,142.41,5,2023-01-06 11:19:45,Norte,62,Masculino,0,Cancelado,712.05
618,99,Process,Juguetes,458.27,2,2023-06-11 04:55:45,Norte,52,Masculino,1,Entregado,916.54
619,48,Television,Alimentos,73.11,1,2023-06-14 20:33:13,Sur,45,Masculino,1,Entregado,73.11
620,32,President,Electrónica,378.2,5,2023-02-06 02:58:22,Centro,26,Femenino,0,Enviado,1891.0
621,87,Shake,Hogar,373.83,2,2023-01-03 16:57:27,Norte,26,Otro,0,Cancelado,747.66
622,47,Suffer,Hogar,136.01,1,2023-06-27 22:48:31,Norte,31,Masculino,1,Entregado,136.01
623,39,Position,Alimentos,444.99,4,2023-03-22 18:43:24,Norte,36,Femenino,1,Enviado,1779.96
624,16,When,Juguetes,436.88,5,2023-04-12 20:58:12,Norte,55,Masculino,1,Cancelado,2184.4
625,34,Many,Juguetes,139.47,5,2023-09-30 06:44:42,Centro,23,Otro,0,Entregado,697.35
626,27,Group,Hogar,127.84,4,2023-03-18 10:44:14,Centro,20,Masculino,0,Entregado,511.36
627,55,Prepare,Juguetes,277.68,3,2023-03-30 08:28:33,Centro,45,Otro,0,Enviado,833.04
628,25,Character,Juguetes,447.37,2,2023-10-13 22:37:26,Sur,47,Masculino,1,Cancelado,894.74
629,81,Clear,Juguetes,202.93,4,2023-11-06 01:04:01,Centro,53,Masculino,1,Cancelado,811.72
630,62,Little,Ropa,295.62,3,2023-05-28 11:44:02,Centro,25,Femenino,1,Cancelado,886.86
631,31,Machine,Alimentos,95.53,4,2023-07-01 10:48:43,Sur,34,Otro,1,Cancelado,382.12
632,14,Experience,Hogar,292.88,4,2023-01-03 02:08:58,Norte,60,Otro,1,Enviado,1171.52
633,86,Effort,Juguetes,359.1,2,2023-09-27 14:42:44,Centro,64,Otro,1,Enviado,718.2
634,49,I,Hogar,63.03,3,2023-06-12 03:12:19,Centro,32,Femenino,0,Enviado,189.09
635,86,Use,Alimentos,160.17,3,2023-03-15 00:59:31,Centro,46,Femenino,0,Cancelado,480.51
636,51,Hospital,Alimentos,273.69,2,2023-11-23 15:04:00,Centro,32,Masculino,1,Enviado,547.38
637,65,Mouth,Ropa,492.66,4,2023-07-20 03:57:33,Sur,35,Masculino,1,Entregado,1970.64
638,62,Be,Juguetes,163.25,1,2023-03-02 10:54:09,Sur,29,Femenino,0,Enviado,163.25
639,83,Happen,Electrónica,56.78,2,2023-04-26 04:39:12,Sur,63,Masculino,1,Enviado,113.56
640,45,Environment,Alimentos,120.19,2,2023-10-23 20:45:35,Norte,31,Masculino,0,Enviado,240.38
641,35,Site,Ropa,147.0,4,2023-01-23 12:29:51,Norte,55,Otro,0,Entregado,588.0
642,44,Pull,Ropa,56.9,3,2023-11-02 18:00:17,Norte,21,Femenino,1,Enviado,170.7
643,23,Mr,Electrónica,331.5,5,2023-08-06 10:42:41,Norte,48,Otro,1,Enviado,1657.5
644,24,Significant,Juguetes,223.83,4,2023-01-30 20:40:53,Sur,26,Femenino,0,Cancelado,895.32
645,45,Against,Juguetes,434.58,5,2023-12-07 16:21:36,Sur,34,Femenino,1,Cancelado,2172.9
646,14,Success,Electrónica,376.98,5,2023-08-14 16:28:10,Sur,24,Otro,0,Entregado,1884.9
647,15,Month,Juguetes,161.37,1,2023-08-16 13:15:46,Norte,22,Otro,1,Enviado,161.37
648,87,Notice,Hogar,438.2,1,2023-10-23 23:57:01,Sur,41,Otro,0,Cancelado,438.2
649,100,Statement,Electrónica,136.27,1,2023-01-03 21:04:06,Norte,35,Femenino,0,Enviado,136.27
650,88,Instead,Juguetes,30.76,3,2023-09-17 14:41:17,Centro,50,Femenino,0,Enviado,92.28
651,55,Door,Electrónica,196.18,5,2023-06-08 22:09:32,Norte,59,Masculino,1,Cancelado,980.9
652,92,On,Electrónica,171.53,5,2023-06-16 02:47:48,Centro,19,Otro,0,Enviado,857.65
653,94,Simple,Electrónica,323.42,5,2023-04-06 21:09:27,Norte,29,Femenino,0,Cancelado,1617.1
654,64,Yard,Ropa,93.75,2,2023-11-19 01:20:44,Centro,51,Otro,1,Enviado,187.5
655,74,Begin,Juguetes,484.81,5,2023-09-03 18:26:06,Centro,35,Masculino,1,Entregado,2424.05
656,15,Property,Ropa,435.57,3,2023-12-23 03:15:42,Norte,23,Femenino,1,Entregado,1306.71
657,3,Room,Hogar,350.04,5,2023-09-11 06:22:18,Sur,28,Otro,1,Cancelado,1750.2
658,83,Site,Ropa,21.23,2,2023-12-04 05:51:39,Sur,22,Femenino,1,Enviado,42.46
659,90,Threat,Ropa,190.32,2,2023-10-16 16:29:28,Norte,37,Masculino,0,Enviado,380.64
660,17,Still,Electrónica,315.3,4,2023-12-25 09:36:35,Sur,36,Femenino,0,Enviado,1261.2
661,42,Seem,Hogar,289.65,4,2023-10-04 02:19:32,Norte,31,Masculino,0,Entregado,1158.6
662,32,Heart,Hogar,181.65,1,2023-11-17 08:54:29,Centro,34,Masculino,1,Entregado,181.65
663,60,Open,Alimentos,29.08,5,2023-02-25 12:11:26,Centro,19,Masculino,1,Entregado,145.39999999999998
664,35,One,Ropa,118.22,3,2023-10-08 05:00:03,Norte,33,Otro,0,Cancelado,354.66
665,75,Stock,Hogar,211.2,2,2023-03-03 11:38:15,Centro,24,Masculino,0,Entregado,422.4
666,21,Ready,Alimentos,106.9,5,2023-03-02 02:51:22,Norte,38,Masculino,1,Enviado,534.5
667,65,Win,Juguetes,146.92,2,2023-11-25 13:25:13,Sur,31,Masculino,1,Entregado,293.84
668,83,Against,Electrónica,32.55,5,2023-07-05 21:19:28,Norte,57,Masculino,1,Entregado,162.75
669,87,Commercial,Ropa,212.45,1,2023-01-18 23:18:51,Sur,33,Otro,0,Entregado,212.45
670,10,Reality,Alimentos,122.33,5,2023-10-18 18:41:51,Norte,58,Masculino,1,Cancelado,611.65
671,67,Assume,Hogar,455.2,5,2023-12-10 03:35:59,Norte,42,Otro,1,Enviado,2276.0
672,57,Glass,Alimentos,404.75,2,2023-06-26 18:58:09,Sur,39,Femenino,1,Entregado,809.5
673,1,Must,Electrónica,187.86,4,2023-04-03 20:07:10,Norte,62,Femenino,1,Enviado,751.44
674,57,Event,Juguetes,332.0,1,2023-11-25 15:14:39,Centro,48,Masculino,0,Entregado,332.0
675,55,Return,Electrónica,415.13,2,2023-10-26 16:17:02,Centro,22,Masculino,1,Enviado,830.26
676,13,Figure,Electrónica,345.85,3,2023-08-09 05:29:13,Norte,60,Otro,1,Entregado,1037.5500000000002
677,87,Scientist,Alimentos,72.58,4,2023-12-28 15:59:46,Sur,18,Otro,0,Cancelado,290.32
678,75,Choice,Alimentos,189.66,3,2023-04-29 07:48:31,Centro,63,Masculino,1,Enviado,568.98
679,53,Should,Electrónica,155.33,3,2023-09-03 01:56:12,Norte,20,Femenino,0,Cancelado,465.99
680,57,Major,Hogar,296.63,3,2023-02-27 05:07:29,Norte,21,Femenino,1,Entregado,889.89
681,52,Take,Alimentos,91.65,1,2023-01-22 09:17:38,Sur,35,Otro,0,Entregado,91.65
682,13,Low,Alimentos,392.4,3,2023-11-03 19:31:21,Sur,41,Masculino,1,Enviado,1177.1999999999998
683,12,Sense,Electrónica,410.33,2,2023-07-10 21:45:51,Sur,37,Femenino,1,Entregado,820.66
684,11,With,Juguetes,232.03,3,2023-05-16 00:58:00,Sur,21,Masculino,0,Enviado,696.09
685,62,Nature,Electrónica,401.29,4,2023-10-22 21:37:28,Sur,23,Femenino,0,Enviado,1605.16
686,26,Three,Electrónica,433.99,2,2023-08-12 01:08:23,Sur,42,Masculino,0,Entregado,867.98
687,31,Year,Ropa,122.85,4,2023-04-21 11:01:23,Sur,60,Masculino,0,Entregado,491.4
688,85,Hair,Alimentos,160.9,1,2023-09-13 18:59:59,Sur,63,Otro,1,Cancelado,160.9
689,10,Building,Ropa,334.47,3,2023-03-05 14:03:44,Norte,41,Otro,0,Cancelado,1003.41
690,54,Old,Electrónica,166.73,2,2023-07-21 07:53:56,Sur,44,Otro,1,Enviado,333.46
691,41,Give,Juguetes,334.62,1,2023-12-18 16:38:05,Centro,34,Femenino,0,Cancelado,334.62
692,25,Control,Electrónica,158.54,3,2023-06-06 13:01:35,Centro,23,Femenino,1,Cancelado,475.62
693,16,Help,Ropa,276.86,4,2023-11-14 08:28:07,Centro,34,Otro,0,Entregado,1107.44
694,33,Amount,Electrónica,178.25,1,2023-04-10 19:47:41,Centro,57,Femenino,0,Entregado,178.25
695,100,Many,Juguetes,284.14,4,2023-09-28 09:54:12,Norte,20,Femenino,1,Entregado,1136.56
696,18,According,Electrónica,347.65,1,2023-10-17 05:03:42,Centro,48,Masculino,1,Cancelado,347.65
697,62,Prove,Hogar,345.07,2,2023-07-05 20:56:51,Sur,47,Femenino,1,Entregado,690.14
698,42,All,Electrónica,268.61,4,2023-01-08 06:31:16,Norte,45,Femenino,0,Enviado,1074.44
699,46,Whom,Hogar,246.57,1,2023-08-18 10:10:37,Norte,25,Otro,0,Entregado,246.57
700,45,Cost,Juguetes,113.64,1,2023-11-03 08:49:45,Norte,35,Otro,0,Enviado,113.64
701,8,Design,Hogar,304.03,4,2023-01-27 23:41:38,Centro,54,Masculino,1,Enviado,1216.12
702,35,Level,Electrónica,82.54,3,2023-12-10 16:37:27,Sur,52,Masculino,0,Entregado,247.62
703,100,Front,Ropa,118.0,5,2023-06-29 22:08:57,Sur,38,Otro,0,Cancelado,590.0
704,29,Quality,Ropa,422.95,4,2023-07-14 05:40:29,Norte,29,Masculino,1,Entregado,1691.8
705,23,Finish,Hogar,362.88,5,2023-01-26 20:08:56,Norte,38,Femenino,1,Entregado,1814.4
706,70,Go,Alimentos,359.23,5,2023-02-20 10:34:45,Centro,34,Femenino,1,Cancelado,1796.15
707,82,Produce,Ropa,423.8,2,2023-02-27 23:10:24,Centro,57,Masculino,0,Entregado,847.6
708,9,Important,Hogar,289.39,4,2023-04-03 17:18:31,Centro,36,Femenino,1,Cancelado,1157.56
709,10,Senior,Ropa,240.17,2,2023-05-12 22:59:30,Norte,41,Masculino,0,Entregado,480.34
710,26,Million,Electrónica,117.27,4,2023-07-31 13:29:30,Norte,50,Femenino,0,Cancelado,469.08
711,5,Everyone,Ropa,42.95,5,2023-03-08 07:22:58,Sur,43,Masculino,1,Enviado,214.75
712,86,Husband,Ropa,268.76,4,2023-12-26 03:36:54,Norte,64,Masculino,0,Enviado,1075.04
713,50,Same,Ropa,74.15,2,2023-03-10 16:02:23,Centro,26,Otro,0,Enviado,148.3
714,29,Suddenly,Electrónica,205.37,4,2023-05-09 17:22:25,Norte,58,Masculino,1,Enviado,821.48
715,11,But,Electrónica,215.54,2,2023-11-01 22:46:37,Centro,21,Femenino,1,Enviado,431.08
716,97,North,Juguetes,412.19,1,2023-08-30 04:56:23,Sur,59,Femenino,1,Enviado,412.19
717,44,Doctor,Electrónica,309.52,5,2023-07-06 13:43:15,Sur,36,Masculino,0,Cancelado,1547.6
718,81,Price,Juguetes,320.64,5,2023-11-16 23:00:19,Norte,65,Masculino,0,Cancelado,1603.1999999999998
719,50,Beat,Juguetes,455.56,3,2023-05-20 22:42:06,Norte,50,Femenino,1,Entregado,1366.68
720,8,Large,Alimentos,395.05,1,2023-06-22 01:54:01,Sur,20,Femenino,1,Enviado,395.05
721,42,Number,Alimentos,368.26,2,2023-04-21 14:29:11,Norte,36,Otro,1,Cancelado,736.52
722,87,Model,Alimentos,159.17,4,2023-11-09 07:32:56,Norte,34,Otro,1,Cancelado,636.68
723,43,Hour,Alimentos,417.33,5,2023-06-05 18:46:44,Sur,57,Masculino,1,Entregado,2086.65
724,85,Character,Juguetes,301.78,2,2023-05-03 15:23:07,Sur,23,Femenino,1,Entregado,603.56
725,17,Two,Alimentos,407.14,5,2023-10-13 13:03:40,Centro,43,Masculino,0,Cancelado,2035.7
726,2,Discover,Electrónica,245.68,4,2023-09-15 21:23:19,Centro,39,Otro,0,Cancelado,982.72
727,12,Light,Alimentos,496.4,2,2023-05-24 05:22:20,Centro,46,Otro,1,Cancelado,992.8
728,40,Sing,Electrónica,206.91,2,2023-04-27 11:38:17,Sur,61,Otro,1,Cancelado,413.82
729,91,Letter,Ropa,379.95,5,2023-07-22 03:10:21,Sur,54,Otro,0,Enviado,1899.75
730,73,Surface,Alimentos,212.67,1,2023-12-08 19:06:56,Centro,27,Masculino,1,Enviado,212.67
731,43,Environmental,Electrónica,77.48,5,2023-05-30 19:49:08,Norte,58,Otro,1,Entregado,387.4
732,5,School,Alimentos,57.24,1,2023-06-13 06:45:21,Norte,55,Masculino,0,Cancelado,57.24
733,92,Rock,Alimentos,259.99,4,2023-11-14 15:29:25,Norte,36,Masculino,1,Enviado,1039.96
734,82,Responsibility,Juguetes,343.33,5,2023-10-05 06:11:58,Norte,56,Masculino,0,Entregado,1716.65
735,20,Behind,Alimentos,17.23,5,2023-12-03 16:08:07,Sur,44,Masculino,0,Enviado,86.15
736,36,Indicate,Juguetes,467.75,4,2023-04-16 16:23:04,Norte,48,Femenino,1,Cancelado,1871.0
737,7,Like,Alimentos,278.62,1,2023-04-26 11:02:06,Norte,62,Otro,1,Enviado,278.62
738,42,Experience,Electrónica,168.45,4,2023-07-07 02:39:27,Norte,41,Femenino,0,Enviado,673.8
739,27,Sport,Juguetes,328.48,3,2023-12-08 12:29:42,Sur,29,Masculino,1,Enviado,985.44
740,59,Cover,Electrónica,423.19,4,2023-03-05 22:13:06,Norte,45,Otro,0,Cancelado,1692.76
741,47,War,Juguetes,372.28,5,2023-07-31 19:09:16,Norte,57,Otro,1,Enviado,1861.4
742,20,Evidence,Electrónica,345.05,1,2023-08-31 22:10:30,Sur,36,Otro,0,Enviado,345.05
743,84,Right,Hogar,53.25,2,2023-11-06 15:48:17,Centro,64,Femenino,0,Entregado,106.5
744,22,Interview,Hogar,204.66,3,2023-12-01 09:40:15,Norte,49,Masculino,1,Entregado,613.98
745,85,Shoulder,Ropa,141.25,5,2023-02-27 08:02:17,Sur,36,Masculino,1,Entregado,706.25
746,15,Plan,Electrónica,440.45,5,2023-04-13 17:29:36,Centro,24,Masculino,1,Cancelado,2202.25
747,56,Reduce,Electrónica,315.79,2,2023-06-14 12:04:01,Centro,55,Femenino,0,Entregado,631.58
748,97,Begin,Alimentos,272.42,3,2023-06-21 07:20:47,Centro,27,Otro,0,Enviado,817.26
749,17,Set,Hogar,271.58,4,2023-06-25 11:26:48,Centro,58,Otro,0,Entregado,1086.32
750,95,Under,Juguetes,217.78,4,2023-01-17 15:43:35,Sur,38,Femenino,0,Cancelado,871.12
751,9,Test,Hogar,62.7,4,2023-02-17 14:48:48,Centro,58,Otro,1,Entregado,250.8
752,48,International,Hogar,293.97,1,2023-04-07 03:09:56,Sur,18,Otro,1,Entregado,293.97
753,11,Build,Juguetes,265.71,5,2023-04-26 13:29:20,Sur,40,Femenino,1,Enviado,1328.55
754,99,Fire,Electrónica,351.83,5,2023-05-10 20:43:57,Sur,55,Masculino,1,Cancelado,1759.15
755,39,Stop,Alimentos,283.66,5,2023-12-16 07:18:04,Sur,42,Femenino,1,Enviado,1418.3000000000002
756,64,Edge,Hogar,143.62,3,2023-03-23 22:04:15,Centro,35,Femenino,1,Entregado,430.86
757,40,Unit,Electrónica,204.26,4,2023-10-26 09:11:20,Centro,22,Masculino,0,Entregado,817.04
758,79,Group,Hogar,309.94,5,2023-07-11 12:41:29,Norte,25,Masculino,0,Enviado,1549.7
759,12,Cultural,Juguetes,283.17,5,2023-11-06 09:44:47,Centro,63,Otro,1,Cancelado,1415.85
760,13,Catch,Alimentos,125.57,5,2023-07-23 21:13:42,Norte,22,Femenino,0,Cancelado,627.8499999999999
761,45,Religious,Juguetes,128.64,2,2023-06-13 20:55:29,Centro,38,Masculino,1,Entregado,257.28
762,86,Lead,Alimentos,345.53,4,2023-10-29 05:53:42,Norte,45,Otro,0,Enviado,1382.12
763,22,Animal,Alimentos,200.78,2,2023-09-27 05:44:22,Norte,20,Otro,0,Entregado,401.56
764,78,Find,Hogar,52.87,3,2023-09-02 00:51:40,Sur,46,Femenino,1,Entregado,158.61
765,16,Maintain,Ropa,82.23,4,2023-05-01 04:01:36,Norte,57,Femenino,0,Cancelado,328.92
766,79,Production,Hogar,90.56,3,2023-04-05 06:20:45,Centro,63,Femenino,0,Enviado,271.68
767,64,Believe,Ropa,90.29,3,2023-01-08 21:03:08,Norte,56,Masculino,1,Entregado,270.87
768,17,Trouble,Electrónica,470.78,1,2023-02-14 15:22:44,Sur,28,Femenino,0,Entregado,470.78
769,82,Hotel,Electrónica,217.3,3,2023-12-26 16:52:49,Norte,31,Masculino,1,Enviado,651.9000000000001
770,96,Term,Juguetes,432.85,4,2023-11-13 16:35:05,Sur,57,Otro,0,Enviado,1731.4
771,100,Effort,Juguetes,243.38,3,2023-03-23 11:43:45,Sur,49,Masculino,0,Entregado,730.14
772,96,Head,Alimentos,474.43,2,2023-11-26 06:36:32,Centro,26,Femenino,0,Enviado,948.86
773,85,Assume,Ropa,71.79,3,2023-09-01 02:24:39,Norte,37,Masculino,1,Enviado,215.37
774,85,Enter,Ropa,247.96,2,2023-11-09 08:14:04,Norte,24,Femenino,1,Enviado,495.92
775,53,Audience,Alimentos,118.32,5,2023-04-01 08:42:25,Sur,52,Otro,0,Entregado,591.5999999999999
776,73,Special,Hogar,340.59,4,2023-06-05 23:27:56,Centro,57,Otro,1,Cancelado,1362.36
777,78,Instead,Electrónica,249.02,2,2023-08-10 17:21:53,Norte,23,Masculino,0,Cancelado,498.04
778,47,Think,Ropa,213.21,4,2023-07-07 21:49:59,Norte,56,Otro,0,Entregado,852.84
779,7,Sister,Alimentos,36.87,1,2023-05-11 11:30:15,Centro,47,Femenino,0,Entregado,36.87
780,51,Letter,Hogar,405.86,2,2023-11-30 02:27:54,Centro,34,Masculino,1,Cancelado,811.72
781,65,White,Hogar,176.95,5,2023-07-21 06:40:57,Centro,61,Otro,1,Entregado,884.75
782,87,Sea,Ropa,456.5,5,2023-04-18 14:43:42,Centro,58,Masculino,0,Entregado,2282.5
783,30,Firm,Hogar,52.55,3,2023-02-02 01:09:24,Sur,56,Otro,0,Entregado,157.64999999999998
784,11,Material,Electrónica,305.89,5,2023-02-09 13:29:24,Centro,61,Otro,1,Entregado,1529.4499999999998
785,15,Pressure,Ropa,293.94,1,2023-03-07 13:27:08,Centro,60,Masculino,0,Entregado,293.94
786,32,High,Alimentos,326.61,4,2023-09-08 08:39:45,Centro,36,Masculino,1,Enviado,1306.44
787,67,Before,Juguetes,457.15,1,2023-06-05 22:29:38,Centro,58,Masculino,0,Cancelado,457.15
788,77,That,Juguetes,146.1,4,2023-07-31 06:59:16,Norte,41,Femenino,0,Enviado,584.4
789,1,Medical,Alimentos,365.86,4,2023-10-02 13:40:29,Centro,46,Otro,0,Cancelado,1463.44
790,76,Whether,Alimentos,144.02,4,2023-01-14 19:15:04,Norte,60,Femenino,0,Enviado,576.08
791,54,Economy,Electrónica,427.19,4,2023-06-14 11:32:01,Sur,42,Otro,0,Cancelado,1708.76
792,18,Back,Electrónica,483.07,3,2023-01-08 16:36:50,Centro,24,Femenino,0,Enviado,1449.21
793,18,Worker,Electrónica,207.53,2,2023-02-08 05:02:18,Sur,35,Femenino,1,Cancelado,415.06
794,96,Natural,Alimentos,221.37,5,2023-08-09 22:49:02,Norte,54,Otro,0,Cancelado,1106.85
795,59,Onto,Ropa,257.39,5,2023-05-13 19:51:30,Norte,53,Femenino,1,Enviado,1286.9499999999998
796,64,Late,Alimentos,209.9,2,2023-09-07 10:11:07,Sur,36,Femenino,1,Cancelado,419.8
797,90,Store,Alimentos,378.81,4,2023-06-08 15:51:52,Sur,50,Masculino,0,Cancelado,1515.24
798,5,Occur,Alimentos,123.1,5,2023-07-25 05:49:06,Centro,22,Otro,0,Entregado,615.5
799,12,Sister,Hogar,230.29,4,2023-02-13 11:31:03,Sur,64,Masculino,1,Entregado,921.16
800,48,Tv,Hogar,493.22,3,2023-06-28 05:52:48,Norte,21,Femenino,1,Cancelado,1479.66
801,24,Such,Hogar,495.01,5,2023-10-21 04:35:26,Centro,53,Otro,1,Entregado,2475.05
802,40,Economy,Alimentos,231.26,4,2023-04-03 17:31:11,Norte,52,Masculino,1,Cancelado,925.04
803,55,Within,Alimentos,237.92,1,2023-12-24 18:17:17,Sur,56,Masculino,1,Entregado,237.92
804,42,Him,Juguetes,92.4,1,2023-07-27 20:57:45,Sur,27,Femenino,0,Cancelado,92.4
805,45,Behavior,Electrónica,149.13,1,2023-01-29 02:04:55,Centro,61,Femenino,1,Entregado,149.13
806,47,Drop,Hogar,477.73,1,2023-03-30 22:53:23,Norte,65,Masculino,1,Entregado,477.73
807,45,Possible,Juguetes,464.89,3,2023-04-16 05:56:43,Norte,65,Femenino,0,Entregado,1394.67
808,26,Help,Alimentos,288.34,3,2023-05-20 09:44:35,Norte,51,Masculino,0,Cancelado,865.02
809,57,Company,Electrónica,337.99,3,2023-07-29 11:31:24,Norte,55,Masculino,0,Entregado,1013.97
810,40,Sort,Electrónica,124.37,4,2023-10-31 16:08:23,Centro,19,Femenino,1,Entregado,497.48
811,90,Important,Hogar,121.17,1,2023-08-01 15:23:19,Centro,65,Otro,0,Entregado,121.17
812,14,Along,Hogar,246.02,2,2023-12-23 09:30:07,Norte,41,Otro,1,Cancelado,492.04
813,2,Trial,Electrónica,398.26,1,2023-04-24 02:31:44,Centro,22,Masculino,0,Enviado,398.26
814,81,Enjoy,Hogar,465.69,4,2023-04-17 13:16:23,Centro,41,Masculino,1,Enviado,1862.76
815,66,Between,Hogar,101.8,1,2023-11-20 15:17:22,Norte,32,Otro,0,Enviado,101.8
816,83,Lose,Alimentos,268.91,1,2023-04-21 11:49:53,Centro,54,Otro,0,Cancelado,268.91
817,13,See,Juguetes,237.31,3,2023-03-12 04:58:35,Sur,55,Otro,0,Cancelado,711.9300000000001
818,79,Prove,Electrónica,202.15,2,2023-10-28 11:34:11,Sur,45,Masculino,0,Enviado,404.3
819,31,nan,Alimentos,494.57,1,2023-05-12 21:33:39,Centro,40,Masculino,0,Entregado,494.57
820,27,Land,Ropa,323.17,3,2023-03-30 17:10:43,Centro,49,Otro,1,Cancelado,969.51
821,1,Right,Electrónica,83.4,2,2023-01-08 18:17:35,Sur,52,Femenino,1,Enviado,166.8
822,81,Sort,Ropa,262.92,1,2023-01-03 22:56:05,Centro,65,Masculino,0,Enviado,262.92
823,54,Factor,Hogar,333.91,2,2023-08-31 02:04:01,Norte,48,Masculino,0,Enviado,667.82
824,97,Care,Hogar,376.16,3,2023-05-10 18:45:12,Centro,55,Femenino,0,Entregado,1128.48
825,88,Return,Electrónica,35.79,3,2023-12-14 19:26:24,Norte,24,Masculino,1,Cancelado,107.37
826,13,Southern,Electrónica,29.21,2,2023-05-17 06:39:17,Sur,61,Femenino,1,Entregado,58.42
827,49,Happy,Ropa,219.72,2,2023-02-23 06:30:28,Norte,46,Masculino,0,Enviado,439.44
828,7,Quality,Ropa,154.51,3,2023-06-24 15:10:01,Sur,58,Otro,1,Cancelado,463.53
829,95,Total,Electrónica,107.41,5,2023-06-15 02:18:50,Centro,60,Otro,1,Entregado,537.05
830,64,Yard,Electrónica,11.53,3,2023-06-03 08:12:30,Centro,59,Otro,1,Entregado,34.59
831,63,Affect,Hogar,183.98,5,2023-11-05 21:44:47,Norte,64,Masculino,1,Enviado,919.9
832,32,Word,Ropa,404.17,1,2023-07-11 22:10:12,Sur,61,Masculino,0,Entregado,404.17
833,14,Well,Ropa,152.09,5,2023-03-22 19:13:25,Norte,28,Femenino,0,Enviado,760.45
834,12,Member,Ropa,260.6,2,2023-11-20 15:19:36,Sur,25,Masculino,1,Entregado,521.2
835,52,In,Alimentos,155.73,2,2023-11-02 11:39:12,Sur,32,Femenino,0,Enviado,311.46
836,43,Here,Hogar,222.88,5,2023-11-06 13:08:13,Norte,58,Masculino,0,Cancelado,1114.4
837,76,Mr,Juguetes,188.07,5,2023-04-16 04:18:56,Norte,34,Masculino,0,Entregado,940.35
838,90,Former,Hogar,337.74,3,2023-11-13 10:55:45,Sur,36,Masculino,1,Cancelado,1013.22
839,95,Glass,Hogar,173.89,2,2023-03-27 22:58:59,Centro,56,Femenino,1,Entregado,347.78
840,66,Relationship,Ropa,234.71,1,2023-11-21 23:43:17,Norte,34,Masculino,0,Entregado,234.71
841,96,Movie,Ropa,52.11,4,2023-10-10 21:48:36,Sur,53,Otro,0,Cancelado,208.44
842,35,Change,Ropa,154.98,3,2023-11-30 22:45:10,Centro,43,Otro,1,Cancelado,464.94
843,96,Very,Hogar,183.84,3,2023-04-03 14:50:12,Norte,61,Femenino,1,Enviado,551.52
844,4,Put,Juguetes,348.36,1,2023-08-01 08:30:33,Sur,39,Femenino,0,Entregado,348.36
845,89,Hotel,Juguetes,228.87,3,2023-07-24 19:31:33,Norte,59,Femenino,0,Enviado,686.61
846,13,Dinner,Ropa,202.38,1,2023-07-20 08:00:06,Sur,57,Otro,1,Cancelado,202.38
847,49,Agency,Electrónica,210.91,2,2023-05-22 19:13:34,Centro,42,Masculino,0,Entregado,421.82
848,40,Future,Ropa,365.52,3,2023-03-09 09:31:57,Sur,23,Femenino,0,Cancelado,1096.56
849,12,Heart,Alimentos,87.0,2,2023-10-10 22:48:58,Norte,18,Masculino,1,Enviado,174.0
850,50,Sort,Electrónica,354.11,5,2023-01-16 08:07:26,Sur,53,Otro,0,Entregado,1770.5500000000002
851,20,Early,Alimentos,428.18,1,2023-09-05 21:52:37,Sur,37,Otro,1,Cancelado,428.18
852,89,Side,Ropa,338.62,1,2023-03-09 01:32:23,Norte,22,Masculino,0,Entregado,338.62
853,39,Far,Hogar,61.84,1,2023-09-19 19:01:23,Norte,33,Otro,0,Cancelado,61.84
854,37,Fine,Juguetes,430.32,5,2023-07-06 15:50:52,Sur,57,Femenino,0,Entregado,2151.6
855,35,Enough,Hogar,483.35,5,2023-08-20 00:38:30,Sur,28,Femenino,0,Entregado,2416.75
856,35,Fight,Hogar,492.58,1,2023-10-18 03:28:55,Norte,40,Otro,1,Cancelado,492.58
857,7,Field,Juguetes,250.49,2,2023-05-10 12:24:51,Norte,24,Otro,0,Cancelado,500.98
858,44,Condition,Electrónica,62.7,2,2023-07-17 21:24:29,Centro,51,Masculino,1,Entregado,125.4
859,22,Day,Electrónica,369.77,4,2023-11-28 21:07:44,Sur,43,Femenino,0,Enviado,1479.08
860,14,Answer,Ropa,169.86,4,2023-08-09 08:47:03,Centro,37,Masculino,1,Entregado,679.44
861,57,Mouth,Juguetes,216.6,2,2023-07-01 16:33:44,Sur,53,Masculino,1,Entregado,433.2
862,49,Worker,Juguetes,255.87,1,2023-10-20 03:25:00,Norte,56,Femenino,1,Enviado,255.87
863,57,Marriage,Ropa,237.68,3,2023-10-18 13:56:39,Norte,49,Femenino,1,Entregado,713.04
864,65,Best,Electrónica,474.84,5,2023-12-18 17:37:42,Sur,36,Masculino,1,Cancelado,2374.2
865,81,Phone,Alimentos,145.47,2,2023-07-21 06:49:04,Centro,28,Otro,1,Entregado,290.94
866,90,Daughter,Electrónica,293.35,2,2023-12-08 21:24:05,Norte,52,Otro,0,Entregado,586.7
867,23,Play,Ropa,353.8,5,2023-07-17 03:51:46,Centro,63,Femenino,0,Cancelado,1769.0
868,76,Keep,Juguetes,306.93,5,2023-04-02 12:29:59,Sur,63,Femenino,1,Entregado,1534.65
869,4,Compare,Ropa,188.68,5,2023-08-21 09:37:20,Centro,42,Otro,0,Cancelado,943.4
870,40,Show,Alimentos,261.0,2,2023-01-14 11:08:10,Sur,30,Otro,0,Entregado,522.0
871,6,Expect,Electrónica,253.74,2,2023-09-14 01:00:17,Centro,58,Otro,0,Cancelado,507.48
872,54,Subject,Alimentos,375.08,2,2023-01-29 16:16:32,Norte,35,Masculino,0,Cancelado,750.16
873,2,Member,Ropa,241.48,4,2023-05-05 13:36:03,Norte,24,Femenino,1,Cancelado,965.92
874,95,Behavior,Hogar,353.09,1,2023-02-13 13:57:01,Centro,57,Femenino,1,Enviado,353.09
875,9,Result,Alimentos,251.77,5,2023-06-06 18:27:17,Centro,29,Masculino,0,Enviado,1258.85
876,7,Suggest,Ropa,36.18,5,2023-11-14 02:57:48,Sur,54,Otro,0,Entregado,180.9
877,16,Before,Hogar,195.95,2,2023-07-24 10:06:10,Sur,44,Masculino,0,Cancelado,391.9
878,56,Maybe,Alimentos,128.97,4,2023-08-16 16:48:29,Centro,52,Masculino,1,Entregado,515.88
879,41,Western,Alimentos,410.58,5,2023-07-17 12:14:09,Norte,28,Otro,0,Cancelado,2052.9
880,4,Government,Ropa,351.57,1,2023-02-01 08:30:11,Centro,42,Otro,1,Cancelado,351.57
881,86,Anyone,Hogar,17.68,2,2023-10-02 01:31:20,Norte,32,Femenino,0,Entregado,35.36
882,31,Ground,Hogar,441.62,4,2023-06-09 17:49:56,Norte,65,Masculino,1,Cancelado,1766.48
883,71,Individual,Hogar,10.78,2,2023-10-21 18:13:31,Sur,48,Otro,0,Enviado,21.56
884,4,Character,Juguetes,238.19,4,2023-06-25 07:24:19,Centro,23,Otro,0,Entregado,952.76
885,3,Usually,Hogar,308.23,3,2023-09-14 18:13:09,Norte,35,Femenino,1,Cancelado,924.69
886,19,Break,Ropa,276.5,1,2023-11-02 15:12:10,Norte,62,Femenino,1,Enviado,276.5
887,13,Word,Alimentos,185.83,5,2023-02-26 22:08:48,Centro,50,Masculino,1,Enviado,929.15
888,53,Sense,Juguetes,205.63,5,2023-02-06 11:33:32,Sur,23,Otro,1,Cancelado,1028.15
889,85,Ask,Alimentos,199.59,5,2023-06-14 18:34:37,Norte,26,Otro,1,Entregado,997.95
890,24,Baby,Hogar,431.83,2,2023-06-19 04:17:26,Centro,60,Masculino,0,Enviado,863.66
891,62,Never,Ropa,124.51,4,2023-10-09 15:50:34,Centro,27,Femenino,0,Cancelado,498.04
892,73,Risk,Juguetes,375.58,4,2023-07-28 08:10:13,Sur,56,Femenino,1,Enviado,1502.32
893,29,Something,Hogar,354.3,3,2023-02-13 19:49:38,Norte,62,Masculino,1,Enviado,1062.9
894,81,Oil,Electrónica,62.59,5,2023-08-02 17:38:00,Sur,64,Otro,1,Enviado,312.95000000000005
895,93,Quality,Hogar,238.38,1,2023-05-07 20:57:46,Centro,56,Masculino,0,Cancelado,238.38
896,9,Traditional,Electrónica,198.55,3,2023-12-04 00:29:38,Centro,56,Femenino,1,Cancelado,595.6500000000001
897,93,Throughout,Juguetes,416.56,1,2023-10-24 03:09:43,Sur,47,Femenino,1,Cancelado,416.56
898,60,Either,Hogar,265.79,1,2023-06-16 17:21:22,Centro,57,Otro,1,Cancelado,265.79
899,60,Yet,Electrónica,331.62,4,2023-12-30 01:23:28,Norte,43,Otro,1,Enviado,1326.48
900,35,Month,Alimentos,435.68,2,2023-03-20 19:30:24,Centro,39,Otro,0,Entregado,871.36
901,66,Personal,Hogar,86.17,2,2023-07-07 17:19:59,Norte,20,Femenino,1,Entregado,172.34
902,29,Treat,Alimentos,147.54,4,2023-03-08 15:32:24,Sur,58,Femenino,1,Entregado,590.16
903,32,Early,Ropa,328.39,5,2023-06-26 13:57:39,Norte,23,Otro,1,Entregado,1641.9499999999998
904,74,Book,Electrónica,243.26,1,2023-07-10 18:13:59,Sur,36,Femenino,1,Entregado,243.26
905,5,Lay,Juguetes,408.84,4,2023-06-18 04:25:42,Sur,20,Femenino,1,Entregado,1635.36
906,7,Character,Hogar,290.32,1,2023-03-26 09:57:09,Sur,57,Femenino,1,Entregado,290.32
907,60,Middle,Juguetes,237.71,2,2023-10-01 20:25:15,Centro,58,Femenino,1,Entregado,475.42
908,45,Maybe,Hogar,210.19,3,2023-08-31 22:57:13,Sur,30,Otro,1,Entregado,630.5699999999999
909,78,Area,Ropa,305.84,2,2023-06-25 08:07:33,Norte,27,Femenino,0,Enviado,611.68
910,51,Main,Juguetes,252.84,3,2023-05-22 00:46:14,Centro,62,Otro,1,Cancelado,758.52
911,48,Rate,Electrónica,117.06,3,2023-08-25 10:10:51,Sur,30,Masculino,0,Entregado,351.18
912,19,Threat,Alimentos,276.53,4,2023-08-02 10:21:00,Centro,64,Otro,0,Entregado,1106.12
913,93,Dream,Juguetes,72.35,2,2023-06-26 01:36:51,Sur,51,Femenino,1,Entregado,144.7
914,40,Social,Juguetes,108.85,3,2023-06-02 02:36:25,Norte,49,Masculino,0,Entregado,326.54999999999995
915,63,Evening,Electrónica,282.66,3,2023-05-29 00:04:41,Norte,59,Otro,0,Enviado,847.98
916,38,Reach,Electrónica,239.24,5,2023-10-01 17:11:26,Norte,56,Femenino,0,Cancelado,1196.2
917,23,Method,Hogar,359.76,3,2023-06-13 04:55:10,Sur,43,Femenino,1,Cancelado,1079.28
918,48,Five,Juguetes,98.53,1,2023-09-13 00:15:01,Norte,40,Otro,1,Entregado,98.53
919,70,Entire,Alimentos,239.16,1,2023-10-19 15:47:23,Centro,32,Otro,0,Enviado,239.16
920,30,Left,Electrónica,42.93,3,2023-07-18 23:18:41,Norte,39,Femenino,0,Entregado,128.79
921,79,Cell,Alimentos,396.8,5,2023-06-07 08:00:44,Sur,39,Masculino,0,Entregado,1984.0
922,73,Inside,Electrónica,293.7,1,2023-09-30 02:29:17,Sur,52,Otro,0,Cancelado,293.7
923,88,Religious,Ropa,262.98,5,2023-01-03 08:24:20,Centro,27,Masculino,1,Enviado,1314.9
924,78,Discover,Juguetes,83.43,4,2023-06-15 11:35:51,Norte,36,Femenino,0,Entregado,333.72
925,57,Agency,Electrónica,288.39,2,2023-03-27 17:26:41,Norte,50,Femenino,0,Cancelado,576.78
926,71,Partner,Electrónica,54.2,4,2023-08-13 19:45:10,Sur,42,Femenino,0,Enviado,216.8
927,25,Buy,Juguetes,407.03,1,2023-09-05 04:38:54,Norte,58,Masculino,1,Cancelado,407.03
928,19,Any,Hogar,469.73,1,2023-01-09 15:27:31,Sur,50,Otro,0,Enviado,469.73
929,15,Suggest,Hogar,257.45,4,2023-08-18 18:51:47,Norte,36,Masculino,1,Cancelado,1029.8
930,28,Reflect,Ropa,253.09,4,2023-12-21 05:32:11,Centro,28,Masculino,0,Entregado,1012.36
931,37,Hair,Juguetes,202.44,2,2023-07-05 11:37:16,Centro,63,Masculino,1,Cancelado,404.88
932,29,Perform,Hogar,111.72,2,2023-02-10 06:54:05,Sur,21,Femenino,1,Enviado,223.44
933,61,Suffer,Juguetes,14.09,4,2023-09-28 06:20:14,Sur,55,Otro,1,Cancelado,56.36
934,25,My,Ropa,304.7,4,2023-02-10 05:39:33,Sur,23,Otro,1,Enviado,1218.8
935,37,Nice,Ropa,499.97,4,2023-04-10 04:18:00,Sur,33,Femenino,0,Enviado,1999.88
936,20,Case,Alimentos,357.6,1,2023-07-15 11:50:08,Norte,18,Femenino,0,Entregado,357.6
937,16,Kid,Ropa,271.13,3,2023-09-02 04:58:15,Sur,30,Masculino,0,Cancelado,813.39
938,50,Floor,Alimentos,451.75,2,2023-09-14 13:50:49,Norte,29,Femenino,1,Enviado,903.5
939,88,Lot,Alimentos,312.01,4,2023-10-13 23:13:16,Norte,50,Masculino,1,Cancelado,1248.04
940,26,Consider,Hogar,341.07,2,2023-04-16 19:36:22,Norte,35,Otro,1,Enviado,682.14
941,33,Various,Ropa,203.83,2,2023-05-24 20:38:33,Centro,40,Femenino,1,Cancelado,407.66
942,32,Small,Alimentos,452.82,4,2023-11-02 05:22:37,Sur,55,Femenino,1,Cancelado,1811.28
943,92,One,Juguetes,484.05,3,2023-07-12 07:48:24,Centro,46,Masculino,0,Enviado,1452.15
944,5,Capital,Alimentos,403.81,2,2023-11-10 14:07:28,Norte,54,Otro,1,Cancelado,807.62
945,19,Life,Ropa,165.36,4,2023-12-11 02:22:29,Norte,41,Femenino,0,Cancelado,661.44
946,71,Unit,Juguetes,381.5,4,2023-03-20 19:11:34,Sur,25,Masculino,1,Entregado,1526.0
947,95,Answer,Hogar,495.89,2,2023-05-05 17:59:36,Norte,21,Otro,1,Cancelado,991.78
948,80,Around,Ropa,418.79,2,2023-06-16 02:26:31,Centro,29,Otro,1,Entregado,837.58
949,11,Bar,Electrónica,487.43,5,2023-09-25 00:10:51,Centro,62,Femenino,0,Cancelado,2437.15
950,16,Tough,Alimentos,465.25,1,2023-12-14 20:21:40,Sur,34,Masculino,0,Cancelado,465.25
951,76,Treatment,Hogar,454.73,3,2023-09-01 12:11:45,Norte,19,Masculino,0,Enviado,1364.19
952,93,Environment,Electrónica,101.03,2,2023-09-20 22:30:44,Centro,33,Otro,1,Enviado,202.06
953,21,Tv,Electrónica,261.49,1,2023-01-05 10:57:28,Norte,28,Femenino,1,Cancelado,261.49
954,23,So,Alimentos,476.86,2,2023-08-12 10:04:22,Sur,29,Otro,1,Entregado,953.72
955,10,Box,Ropa,209.73,2,2023-10-27 07:10:13,Centro,27,Femenino,0,Entregado,419.46
956,55,President,Electrónica,166.96,4,2023-07-21 10:50:51,Sur,55,Masculino,1,Cancelado,667.84
957,29,Myself,Ropa,454.28,1,2023-12-10 00:48:54,Centro,35,Femenino,1,Entregado,454.28
958,44,Perform,Electrónica,337.29,5,2023-12-25 22:55:36,Norte,48,Femenino,0,Enviado,1686.45
959,11,Win,Electrónica,67.59,2,2023-06-01 17:42:43,Sur,44,Masculino,0,Entregado,135.18
960,47,Send,Electrónica,404.86,3,2023-07-12 13:22:13,Sur,54,Femenino,1,Entregado,1214.58
961,8,Vote,Alimentos,39.51,1,2023-06-06 13:50:53,Centro,39,Femenino,0,Cancelado,39.51
962,78,Clearly,Juguetes,340.36,3,2023-08-10 17:26:03,Sur,32,Masculino,1,Enviado,1021.08
963,68,Together,Juguetes,29.9,2,2023-09-15 19:57:14,Norte,37,Otro,1,Enviado,59.8
964,93,Check,Juguetes,349.1,4,2023-07-27 09:23:58,Sur,40,Otro,0,Entregado,1396.4
965,81,Table,Ropa,324.17,2,2023-10-20 22:24:00,Centro,28,Femenino,1,Enviado,648.34
966,73,Serious,Alimentos,362.29,1,2023-07-22 01:08:36,Sur,63,Otro,0,Enviado,362.29
967,65,Season,Juguetes,90.31,2,2023-04-07 03:13:26,Centro,50,Otro,0,Cancelado,180.62
968,23,Responsibility,Alimentos,30.96,1,2023-07-06 21:08:28,Centro,54,Femenino,1,Cancelado,30.96
969,86,Assume,Juguetes,341.34,3,2023-01-29 00:14:48,Sur,31,Masculino,0,Cancelado,1024.02
970,67,Forget,Juguetes,390.32,5,2023-07-03 09:47:13,Centro,20,Masculino,0,Cancelado,1951.6
971,86,Opportunity,Hogar,346.84,2,2023-11-30 07:11:42,Sur,34,Femenino,0,Cancelado,693.68
972,38,Control,Electrónica,344.86,4,2023-08-12 00:18:55,Centro,61,Masculino,1,Enviado,1379.44
973,41,Every,Ropa,158.57,1,2023-10-09 11:03:32,Sur,26,Otro,1,Enviado,158.57
974,62,Idea,Ropa,221.42,1,2023-07-19 12:06:37,Centro,36,Masculino,0,Enviado,221.42
975,6,Store,Electrónica,124.46,5,2023-02-01 01:11:14,Norte,18,Otro,0,Cancelado,622.3
976,81,Player,Ropa,12.69,4,2023-10-18 15:10:07,Norte,33,Femenino,0,Enviado,50.76
977,2,Meet,Ropa,36.03,2,2023-05-06 13:02:59,Norte,40,Femenino,0,Cancelado,72.06
978,17,Child,Juguetes,320.86,2,2023-01-06 08:49:33,Centro,65,Otro,1,Cancelado,641.72
979,1,Second,Juguetes,314.16,2,2023-06-14 23:18:59,Norte,43,Otro,1,Enviado,628.32
980,29,Need,Ropa,26.9,4,2023-12-21 21:47:30,Norte,52,Masculino,0,Enviado,107.6
981,98,Black,Electrónica,221.57,3,2023-12-08 21:09:24,Centro,46,Femenino,0,Entregado,664.71
982,42,Address,Ropa,15.95,2,2023-01-05 08:04:23,Sur,62,Masculino,1,Entregado,31.9
983,11,Full,Ropa,428.5,3,2023-05-16 12:55:23,Sur,47,Masculino,0,Enviado,1285.5
984,32,Take,Electrónica,33.83,2,2023-08-20 21:50:39,Centro,55,Femenino,1,Entregado,67.66
985,11,Its,Hogar,341.27,1,2023-07-23 23:57:54,Sur,52,Femenino,0,Cancelado,341.27
986,89,View,Hogar,69.44,5,2023-10-02 18:06:23,Sur,24,Femenino,1,Cancelado,347.2
987,16,Society,Alimentos,55.19,4,2023-05-27 03:35:12,Centro,42,Otro,1,Cancelado,220.76
988,96,Body,Hogar,134.96,5,2023-05-03 07:33:45,Norte,34,Femenino,0,Cancelado,674.8000000000001
989,13,Accept,Ropa,11.75,2,2023-12-03 23:18:49,Centro,30,Femenino,1,Entregado,23.5
990,58,Beautiful,Hogar,479.21,3,2023-07-12 07:15:57,Norte,25,Otro,1,Cancelado,1437.63
991,31,About,Juguetes,286.87,2,2023-05-04 00:05:52,Sur,51,Masculino,1,Entregado,573.74
992,10,Toward,Alimentos,323.45,3,2023-09-13 14:59:42,Sur,32,Femenino,1,Enviado,970.35
993,22,Effect,Ropa,136.22,3,2023-12-19 04:28:51,Centro,55,Masculino,1,Entregado,408.66
994,87,Office,Hogar,178.02,4,2023-06-13 01:57:58,Norte,25,Masculino,0,Enviado,712.08
995,4,Break,Alimentos,43.56,1,2023-01-05 10:03:35,Centro,60,Otro,1,Entregado,43.56
996,36,Tv,Hogar,327.95,2,2023-10-02 16:02:31,Sur,50,Otro,0,Enviado,655.9
997,18,Cause,Juguetes,324.56,3,2023-03-24 07:09:23,Sur,65,Otro,0,Cancelado,973.68
998,95,East,Ropa,451.46,1,2023-04-25 22:51:51,Norte,51,Masculino,0,Enviado,451.46
999,32,Issue,Hogar,163.03,3,2023-10-08 12:26:58,Sur,51,Femenino,1,Entregado,489.09
1000,85,Investment,Electrónica,231.77,3,2023-04-12 09:16:35,Centro,54,Otro,1,Entregado,695.3100000000001
